,0,85,86,87,88,89,90,1020,1023,1030,1039,1040,1041,1042,1043,1044,1045,1046,1047,1048,1049,1050,1051,1052,1053,1054,1703,1704,1705,1706,1707,1708,1709,1710,1711,1886,1887,1888,1889
Characteristic,Neighbourhood Number,  2 persons,  3 persons,  4 persons,  5 or more persons,  Couples without children,Total number of census families in private households,    Total - Income statistics in 2015 for one-person private households - 100% data,    Total - Income statistics in 2015 for two-or-more-person private households - 100% data,    Total - Income statistics in 2015 for one-person private households - 25% sample data,"  $5,000 to $9,999","  $10,000 to $14,999","  $20,000 to $24,999","  $25,000 to $29,999","  $30,000 to $34,999","  $35,000 to $39,999","  $40,000 to $44,999","  $45,000 to $49,999","  $50,000 to $59,999","  $60,000 to $69,999","  $70,000 to $79,999","  $80,000 to $89,999","  $90,000 to $99,999","  $100,000 and over","    $200,000 and over",Total - Household after-tax income groups in 2015 for private households - 100% data,"  No certificate, diploma or degree-NO EDU",  Secondary (high) school diploma or equivalency certificate- HIGH SCHOOL EDU,      Trades certificate or diploma other than Certificate of Apprenticeship or Certificate of Qualification- TRADE CERTIF,      Certificate of Apprenticeship or Certificate of Qualification,"    College, CEGEP or other non-university certificate or diploma",    University certificate or diploma below bachelor level,"    University certificate, diploma or degree at bachelor level or above",      Bachelor's degree,      University certificate or diploma above bachelor level,    Employed,    Unemployed,Participation rate,Employment rate
City of Toronto,,344110.0,174600.0,143250.0,56795.0,250085.0,718755.0,359955.0,752970.0,359990.0,23455.0,36550.0,47315.0,47500.0,46945.0,47115.0,46285.0,44650.0,84180.0,76120.0,68190.0,60400.0,53485.0,343520.0,96600.0,1112930.0,377340.0,561090.0,53060.0,40945.0,362080.0,65015.0,835260.0,534610.0,54570.0,1361375.0,122305.0,64.7,59.3
Agincourt North,129.0,3570.0,2390.0,1875.0,605.0,2520.0,8425.0,1345.0,7770.0,1360.0,105.0,160.0,320.0,540.0,420.0,455.0,420.0,435.0,800.0,700.0,635.0,525.0,515.0,2505.0,325.0,9115.0,6550.0,7460.0,505.0,375.0,3540.0,775.0,5805.0,4380.0,295.0,12510.0,1360.0,55.4,50.0
Agincourt South-Malvern West,128.0,2970.0,1835.0,1325.0,520.0,2095.0,6640.0,1620.0,6515.0,1615.0,140.0,195.0,315.0,400.0,370.0,385.0,370.0,415.0,770.0,645.0,595.0,510.0,405.0,2030.0,285.0,8140.0,4035.0,6090.0,375.0,325.0,3150.0,655.0,5765.0,4210.0,280.0,10855.0,1185.0,59.0,53.2
Alderwood,20.0,1605.0,900.0,755.0,220.0,1175.0,3490.0,1105.0,3510.0,1115.0,45.0,80.0,145.0,150.0,155.0,170.0,160.0,165.0,335.0,300.0,320.0,275.0,250.0,1915.0,360.0,4620.0,2005.0,2960.0,345.0,345.0,2095.0,230.0,2290.0,1660.0,125.0,6405.0,415.0,66.5,62.4
Annex,95.0,4475.0,1195.0,805.0,215.0,3830.0,6700.0,7885.0,8045.0,7895.0,485.0,655.0,620.0,530.0,525.0,555.0,540.0,505.0,1000.0,900.0,795.0,715.0,605.0,5895.0,2670.0,15940.0,1585.0,4270.0,265.0,265.0,2700.0,615.0,16590.0,9135.0,960.0,17305.0,1250.0,70.6,65.8
Banbury-Don Mills,42.0,3925.0,1760.0,1500.0,435.0,3015.0,7605.0,4360.0,7770.0,4370.0,155.0,235.0,395.0,445.0,405.0,470.0,460.0,400.0,930.0,885.0,780.0,655.0,605.0,4615.0,1750.0,12125.0,2295.0,5150.0,450.0,345.0,3490.0,795.0,10850.0,6500.0,800.0,13010.0,1010.0,59.9,55.6
Bathurst Manor,34.0,1945.0,1115.0,925.0,320.0,1385.0,4310.0,1660.0,4430.0,1660.0,85.0,155.0,245.0,230.0,220.0,255.0,240.0,245.0,400.0,430.0,390.0,310.0,300.0,2025.0,515.0,6090.0,1665.0,3390.0,345.0,255.0,2125.0,485.0,4980.0,3075.0,475.0,8000.0,620.0,65.0,60.3
Bay Street Corridor,76.0,3550.0,965.0,485.0,105.0,2950.0,5110.0,7610.0,7465.0,7620.0,735.0,740.0,580.0,560.0,490.0,515.0,440.0,410.0,850.0,840.0,815.0,705.0,570.0,3600.0,1105.0,15070.0,700.0,5740.0,155.0,100.0,1595.0,545.0,15090.0,8370.0,680.0,13455.0,1535.0,62.7,56.2
Bayview Village,52.0,3255.0,1570.0,980.0,255.0,2570.0,6070.0,3200.0,6330.0,3190.0,260.0,290.0,365.0,370.0,360.0,330.0,350.0,335.0,650.0,655.0,615.0,520.0,495.0,3010.0,855.0,9525.0,1310.0,3680.0,215.0,145.0,2905.0,700.0,9790.0,6055.0,515.0,10965.0,910.0,63.4,58.5
Bayview Woods-Steeles,49.0,1790.0,1005.0,790.0,210.0,1375.0,3795.0,975.0,3725.0,980.0,70.0,80.0,200.0,170.0,205.0,180.0,200.0,165.0,330.0,290.0,265.0,255.0,250.0,1830.0,580.0,4700.0,1295.0,2385.0,255.0,155.0,1595.0,355.0,5120.0,3060.0,410.0,5720.0,495.0,55.7,51.3
Bedford Park-Nortown,39.0,2425.0,1190.0,1565.0,885.0,1975.0,6085.0,2380.0,6220.0,2400.0,85.0,150.0,230.0,215.0,230.0,215.0,225.0,240.0,440.0,395.0,390.0,360.0,275.0,4745.0,2915.0,8605.0,1985.0,3815.0,310.0,215.0,2135.0,465.0,9625.0,5655.0,725.0,11185.0,650.0,63.8,60.3
Beechborough-Greenbrook,112.0,830.0,490.0,300.0,135.0,420.0,1750.0,865.0,1790.0,860.0,60.0,160.0,185.0,170.0,190.0,170.0,155.0,125.0,205.0,200.0,160.0,110.0,105.0,430.0,60.0,2650.0,1605.0,1515.0,195.0,280.0,890.0,160.0,610.0,445.0,75.0,2765.0,355.0,59.5,52.7
Bendale,127.0,3610.0,1915.0,1460.0,885.0,2600.0,7875.0,2800.0,7960.0,2815.0,220.0,255.0,370.0,475.0,465.0,520.0,495.0,530.0,935.0,845.0,765.0,615.0,575.0,2625.0,275.0,10765.0,4750.0,7605.0,590.0,425.0,4255.0,695.0,6295.0,4550.0,425.0,13020.0,1255.0,58.0,52.9
Birchcliffe-Cliffside,122.0,2940.0,1430.0,1330.0,365.0,2080.0,6070.0,2960.0,6230.0,2965.0,290.0,320.0,405.0,330.0,315.0,340.0,330.0,310.0,650.0,595.0,525.0,475.0,465.0,3345.0,930.0,9190.0,2930.0,5245.0,435.0,470.0,3610.0,485.0,5170.0,3470.0,365.0,10945.0,1055.0,65.4,59.6
Black Creek,24.0,2220.0,1455.0,1160.0,810.0,1065.0,5655.0,1670.0,5670.0,1660.0,170.0,315.0,440.0,480.0,485.0,445.0,460.0,430.0,750.0,565.0,475.0,360.0,305.0,900.0,40.0,7320.0,6420.0,5195.0,535.0,545.0,2360.0,340.0,1565.0,1235.0,90.0,8115.0,1180.0,54.8,47.8
Blake-Jones,69.0,1005.0,505.0,405.0,180.0,695.0,2095.0,965.0,2160.0,960.0,90.0,145.0,135.0,140.0,130.0,115.0,115.0,100.0,165.0,165.0,140.0,120.0,115.0,1105.0,320.0,3125.0,1175.0,1345.0,150.0,135.0,920.0,125.0,2435.0,1550.0,160.0,3740.0,345.0,65.0,59.6
Briar Hill-Belgravia,108.0,1840.0,1095.0,770.0,220.0,1195.0,3905.0,1725.0,4020.0,1725.0,135.0,190.0,280.0,265.0,250.0,295.0,285.0,240.0,470.0,430.0,415.0,370.0,315.0,1375.0,165.0,5745.0,2545.0,3080.0,415.0,270.0,2170.0,455.0,3405.0,2360.0,300.0,7635.0,725.0,67.6,61.8
Bridle Path-Sunnybrook-York Mills,41.0,1085.0,565.0,620.0,365.0,940.0,2640.0,630.0,2615.0,605.0,25.0,35.0,30.0,45.0,40.0,45.0,30.0,30.0,100.0,95.0,75.0,95.0,105.0,2370.0,1705.0,3240.0,615.0,1500.0,80.0,30.0,510.0,220.0,4795.0,2585.0,405.0,4155.0,360.0,58.3,53.6
Broadview North,57.0,1625.0,710.0,475.0,130.0,1190.0,2940.0,2445.0,3220.0,2435.0,110.0,200.0,290.0,345.0,335.0,305.0,310.0,270.0,540.0,400.0,320.0,280.0,225.0,1230.0,320.0,5665.0,1665.0,2295.0,310.0,175.0,1705.0,225.0,3510.0,2215.0,240.0,6035.0,540.0,66.5,61.1
Brookhaven-Amesbury,30.0,2060.0,1380.0,1015.0,455.0,1095.0,4915.0,1540.0,4935.0,1540.0,125.0,255.0,385.0,360.0,385.0,425.0,365.0,325.0,595.0,560.0,440.0,345.0,275.0,1225.0,150.0,6480.0,4270.0,4150.0,640.0,410.0,2555.0,410.0,1920.0,1435.0,195.0,8195.0,915.0,63.5,57.1
Cabbagetown-South St. James Town,71.0,1870.0,420.0,225.0,70.0,1600.0,2590.0,3320.0,3120.0,3315.0,160.0,330.0,330.0,265.0,245.0,240.0,235.0,255.0,425.0,420.0,350.0,295.0,270.0,1925.0,700.0,6440.0,770.0,2065.0,200.0,130.0,1600.0,325.0,5105.0,2925.0,380.0,6695.0,585.0,71.3,65.6
Caledonia-Fairbank,109.0,1235.0,810.0,605.0,180.0,815.0,2815.0,825.0,2850.0,830.0,65.0,100.0,175.0,155.0,190.0,180.0,170.0,180.0,295.0,255.0,250.0,210.0,235.0,1040.0,80.0,3680.0,2925.0,2175.0,265.0,320.0,1385.0,190.0,1160.0,850.0,95.0,5145.0,400.0,65.9,61.1
Casa Loma,96.0,1780.0,490.0,420.0,190.0,1565.0,2880.0,2270.0,3140.0,2230.0,75.0,135.0,160.0,185.0,170.0,170.0,140.0,160.0,280.0,285.0,285.0,240.0,260.0,2535.0,1325.0,5405.0,490.0,1690.0,130.0,90.0,1165.0,170.0,5920.0,3315.0,365.0,6055.0,425.0,67.2,62.8
Centennial Scarborough,133.0,1630.0,975.0,1055.0,360.0,1305.0,4020.0,505.0,3875.0,505.0,25.0,35.0,45.0,75.0,85.0,75.0,95.0,90.0,210.0,230.0,235.0,295.0,270.0,2545.0,715.0,4375.0,1295.0,2820.0,235.0,210.0,2235.0,350.0,4055.0,2925.0,200.0,6635.0,545.0,64.2,59.3
Church-Yonge Corridor,75.0,4680.0,850.0,280.0,90.0,4130.0,5905.0,11420.0,8265.0,11415.0,755.0,1070.0,875.0,720.0,765.0,785.0,760.0,755.0,1445.0,1310.0,1255.0,1005.0,925.0,4840.0,1130.0,19690.0,1220.0,5510.0,480.0,285.0,3800.0,850.0,16930.0,10405.0,1030.0,19990.0,1865.0,75.1,68.7
Clairlea-Birchmount,120.0,2915.0,2005.0,1780.0,650.0,1935.0,7350.0,1900.0,7350.0,1895.0,110.0,260.0,390.0,420.0,420.0,385.0,445.0,420.0,735.0,700.0,610.0,575.0,555.0,2785.0,340.0,9240.0,4215.0,6165.0,570.0,510.0,3930.0,570.0,5755.0,3825.0,305.0,12960.0,1240.0,65.3,59.6
Clanton Park,33.0,1960.0,1070.0,870.0,445.0,1430.0,4350.0,2040.0,4515.0,2025.0,100.0,165.0,260.0,270.0,255.0,250.0,285.0,255.0,485.0,480.0,410.0,385.0,310.0,2135.0,690.0,6555.0,1735.0,3245.0,425.0,210.0,2310.0,445.0,5290.0,3495.0,390.0,8710.0,565.0,67.9,63.8
Cliffcrest,123.0,1815.0,1110.0,1080.0,400.0,1310.0,4410.0,1495.0,4405.0,1495.0,85.0,145.0,285.0,245.0,200.0,215.0,255.0,220.0,410.0,350.0,350.0,315.0,285.0,2135.0,495.0,5905.0,2165.0,3925.0,280.0,315.0,2645.0,275.0,3640.0,2455.0,235.0,7410.0,795.0,61.9,55.9
Corso Italia-Davenport,92.0,1950.0,1040.0,775.0,230.0,1370.0,3990.0,1285.0,4205.0,1295.0,85.0,125.0,250.0,205.0,260.0,230.0,260.0,215.0,410.0,370.0,320.0,300.0,310.0,1840.0,325.0,5485.0,3390.0,2875.0,385.0,340.0,1675.0,240.0,3285.0,2135.0,165.0,7710.0,600.0,68.1,63.2
Danforth,66.0,1105.0,665.0,610.0,175.0,865.0,2560.0,1190.0,2730.0,1185.0,65.0,135.0,190.0,135.0,140.0,130.0,125.0,120.0,220.0,210.0,195.0,155.0,165.0,1570.0,520.0,3925.0,1440.0,1670.0,140.0,105.0,1145.0,160.0,3295.0,2090.0,240.0,5105.0,340.0,68.5,64.3
Danforth East York,59.0,2240.0,1260.0,1085.0,270.0,1685.0,4850.0,2020.0,5015.0,2010.0,105.0,165.0,310.0,260.0,275.0,260.0,255.0,255.0,445.0,385.0,345.0,330.0,375.0,2820.0,685.0,7025.0,2500.0,3045.0,350.0,205.0,2370.0,345.0,5255.0,3350.0,315.0,8770.0,650.0,67.0,62.4
Don Valley Village,47.0,3300.0,2205.0,1620.0,495.0,2345.0,7630.0,2115.0,7845.0,2115.0,175.0,255.0,415.0,465.0,500.0,460.0,415.0,435.0,835.0,755.0,710.0,595.0,495.0,2755.0,530.0,9960.0,2505.0,5220.0,500.0,240.0,3635.0,970.0,9675.0,5995.0,560.0,12540.0,1330.0,61.0,55.1
Dorset Park,126.0,2755.0,1860.0,1450.0,665.0,1750.0,6730.0,2120.0,6660.0,2105.0,140.0,250.0,390.0,470.0,470.0,470.0,525.0,465.0,855.0,730.0,625.0,545.0,455.0,1830.0,145.0,8780.0,3975.0,5985.0,545.0,480.0,3570.0,635.0,4945.0,3485.0,290.0,11495.0,1230.0,63.3,57.1
Dovercourt-Wallace Emerson-Junction,93.0,4945.0,2390.0,1620.0,485.0,3720.0,9465.0,4665.0,10655.0,4670.0,330.0,605.0,715.0,660.0,640.0,695.0,650.0,625.0,1150.0,1035.0,935.0,905.0,815.0,4435.0,710.0,15320.0,7105.0,7335.0,755.0,555.0,4590.0,655.0,10775.0,7085.0,580.0,20710.0,1610.0,70.3,65.2
Downsview-Roding-CFB,26.0,4375.0,2520.0,2005.0,790.0,2705.0,9690.0,3410.0,9695.0,3405.0,180.0,400.0,680.0,655.0,755.0,775.0,710.0,685.0,1200.0,1025.0,855.0,730.0,640.0,3015.0,355.0,13100.0,8590.0,8365.0,1065.0,965.0,5015.0,810.0,4485.0,3350.0,360.0,16630.0,1420.0,61.7,56.8
Dufferin Grove,83.0,1725.0,615.0,470.0,130.0,1375.0,2935.0,2015.0,3425.0,2010.0,95.0,190.0,260.0,240.0,305.0,290.0,265.0,245.0,415.0,410.0,355.0,285.0,245.0,1385.0,265.0,5440.0,2150.0,2125.0,195.0,185.0,1590.0,210.0,3965.0,2590.0,235.0,6995.0,565.0,72.4,67.1
East End-Danforth,62.0,2645.0,1460.0,1250.0,355.0,1855.0,5705.0,3175.0,6005.0,3195.0,270.0,455.0,445.0,375.0,375.0,330.0,320.0,295.0,530.0,500.0,415.0,400.0,390.0,3340.0,950.0,9190.0,2290.0,3915.0,365.0,285.0,3155.0,425.0,6860.0,4430.0,440.0,11125.0,990.0,70.1,64.3
Edenbridge-Humber Valley,9.0,2120.0,1015.0,890.0,355.0,1565.0,4380.0,1785.0,4460.0,1795.0,50.0,100.0,220.0,200.0,210.0,235.0,225.0,270.0,465.0,415.0,400.0,345.0,280.0,2575.0,1290.0,6260.0,1725.0,3175.0,335.0,280.0,2055.0,325.0,5190.0,3155.0,415.0,7915.0,510.0,64.4,60.5
Eglinton East,138.0,2455.0,1630.0,1365.0,665.0,1345.0,6105.0,1785.0,6120.0,1780.0,130.0,265.0,405.0,500.0,510.0,485.0,475.0,480.0,760.0,650.0,550.0,460.0,335.0,1445.0,135.0,7905.0,3925.0,5645.0,605.0,430.0,3305.0,530.0,3650.0,2575.0,260.0,9540.0,1155.0,59.2,52.8
Elms-Old Rexdale,5.0,1040.0,700.0,510.0,325.0,610.0,2575.0,635.0,2585.0,630.0,50.0,80.0,150.0,160.0,170.0,180.0,180.0,175.0,320.0,265.0,240.0,190.0,165.0,730.0,60.0,3215.0,1870.0,2620.0,255.0,220.0,1380.0,170.0,1130.0,820.0,80.0,4175.0,465.0,60.7,54.6
Englemount-Lawrence,32.0,2150.0,1215.0,960.0,935.0,1370.0,5255.0,2825.0,5425.0,2830.0,155.0,290.0,485.0,395.0,390.0,380.0,315.0,335.0,735.0,565.0,500.0,435.0,315.0,2155.0,755.0,8245.0,2675.0,4340.0,505.0,330.0,2635.0,725.0,5880.0,3730.0,525.0,9805.0,955.0,63.0,57.4
Eringate-Centennial-West Deane,11.0,2380.0,1420.0,1265.0,405.0,1740.0,5450.0,1430.0,5435.0,1440.0,25.0,70.0,220.0,205.0,250.0,215.0,255.0,235.0,435.0,475.0,465.0,445.0,390.0,2995.0,590.0,6860.0,2435.0,4225.0,470.0,380.0,3035.0,425.0,4915.0,3360.0,315.0,9355.0,750.0,63.6,58.9
Etobicoke West Mall,13.0,1460.0,855.0,665.0,230.0,950.0,3215.0,1285.0,3295.0,1290.0,65.0,125.0,180.0,195.0,210.0,205.0,235.0,210.0,475.0,375.0,325.0,275.0,265.0,1200.0,150.0,4585.0,1730.0,2715.0,290.0,210.0,1765.0,365.0,2705.0,1810.0,220.0,5915.0,505.0,65.7,60.5
Flemingdon Park,44.0,2205.0,1350.0,1260.0,905.0,1410.0,5720.0,1970.0,5865.0,1970.0,145.0,250.0,440.0,500.0,485.0,480.0,505.0,415.0,745.0,665.0,525.0,435.0,350.0,1130.0,105.0,7830.0,3825.0,4850.0,390.0,260.0,2740.0,550.0,4910.0,3265.0,280.0,8865.0,1050.0,56.5,50.6
Forest Hill North,102.0,1500.0,735.0,740.0,320.0,1110.0,3295.0,1925.0,3520.0,1920.0,95.0,155.0,240.0,220.0,215.0,210.0,230.0,205.0,390.0,345.0,310.0,280.0,245.0,1925.0,1025.0,5440.0,880.0,2190.0,215.0,135.0,1440.0,435.0,5320.0,3015.0,455.0,6960.0,560.0,70.9,65.6
Forest Hill South,101.0,1525.0,450.0,525.0,290.0,1330.0,2800.0,2005.0,2950.0,1995.0,65.0,110.0,165.0,165.0,150.0,145.0,145.0,175.0,315.0,255.0,220.0,210.0,190.0,2365.0,1465.0,4950.0,690.0,1605.0,90.0,55.0,980.0,290.0,5575.0,2900.0,415.0,5765.0,340.0,65.8,62.1
Glenfield-Jane Heights,25.0,3375.0,2230.0,1755.0,905.0,1700.0,8245.0,1950.0,7970.0,1970.0,155.0,280.0,655.0,590.0,640.0,655.0,535.0,560.0,925.0,720.0,630.0,550.0,470.0,1835.0,140.0,9930.0,9560.0,7190.0,790.0,600.0,3650.0,500.0,2110.0,1610.0,160.0,11895.0,1550.0,55.0,48.7
Greenwood-Coxwell,65.0,1850.0,985.0,795.0,245.0,1340.0,3875.0,1950.0,4090.0,1960.0,140.0,270.0,320.0,230.0,245.0,215.0,205.0,205.0,340.0,330.0,310.0,325.0,305.0,2115.0,470.0,6055.0,1960.0,2710.0,235.0,175.0,2005.0,245.0,4590.0,3045.0,290.0,7660.0,595.0,69.1,64.2
Guildwood,140.0,1460.0,655.0,560.0,175.0,1115.0,2850.0,1120.0,2870.0,1115.0,20.0,40.0,140.0,110.0,130.0,150.0,130.0,160.0,295.0,255.0,265.0,255.0,240.0,1715.0,410.0,3995.0,1080.0,2225.0,200.0,325.0,1590.0,235.0,2715.0,1785.0,245.0,4575.0,395.0,59.5,54.7
Henry Farm,53.0,1900.0,1140.0,800.0,310.0,1415.0,4165.0,1790.0,4570.0,1790.0,170.0,210.0,280.0,290.0,265.0,280.0,280.0,285.0,545.0,465.0,470.0,415.0,340.0,1320.0,230.0,6360.0,1210.0,2765.0,260.0,170.0,1920.0,510.0,6370.0,3985.0,350.0,7720.0,890.0,65.2,58.5
High Park North,88.0,3295.0,1210.0,1005.0,220.0,2665.0,5725.0,4750.0,6280.0,4730.0,270.0,420.0,460.0,425.0,410.0,420.0,420.0,420.0,800.0,725.0,660.0,630.0,525.0,3565.0,1095.0,11025.0,1535.0,3250.0,375.0,220.0,2980.0,510.0,10125.0,5975.0,610.0,12740.0,970.0,72.2,67.1
High Park-Swansea,87.0,3300.0,1360.0,1265.0,360.0,2710.0,6280.0,4195.0,6670.0,4200.0,155.0,230.0,430.0,350.0,340.0,345.0,395.0,355.0,730.0,715.0,630.0,590.0,560.0,4485.0,1735.0,10870.0,1575.0,3385.0,315.0,260.0,3100.0,515.0,10665.0,6390.0,690.0,13650.0,865.0,73.3,68.9
Highland Creek,134.0,1335.0,920.0,845.0,400.0,1040.0,3510.0,420.0,3275.0,425.0,25.0,45.0,70.0,80.0,90.0,120.0,80.0,115.0,230.0,230.0,200.0,195.0,210.0,1890.0,440.0,3700.0,1625.0,3200.0,345.0,230.0,2085.0,400.0,3055.0,2150.0,205.0,6095.0,565.0,60.9,55.8
Hillcrest Village,48.0,2295.0,1400.0,1010.0,250.0,1665.0,4955.0,1480.0,4925.0,1485.0,115.0,170.0,235.0,325.0,245.0,245.0,195.0,165.0,375.0,350.0,405.0,310.0,305.0,2215.0,480.0,6400.0,1865.0,3400.0,210.0,165.0,2155.0,575.0,6445.0,3980.0,455.0,7270.0,660.0,53.6,49.1
Humber Heights-Westmount,8.0,1430.0,710.0,585.0,195.0,1000.0,2920.0,1210.0,2925.0,1200.0,35.0,75.0,180.0,175.0,195.0,195.0,170.0,190.0,375.0,305.0,230.0,265.0,195.0,1340.0,320.0,4135.0,1555.0,2305.0,305.0,210.0,1645.0,300.0,2340.0,1515.0,205.0,4745.0,380.0,59.1,54.8
Humber Summit,21.0,1390.0,810.0,820.0,435.0,940.0,3465.0,635.0,3260.0,635.0,50.0,60.0,200.0,190.0,215.0,255.0,240.0,220.0,330.0,325.0,270.0,255.0,185.0,970.0,115.0,3895.0,3495.0,2990.0,300.0,335.0,1505.0,195.0,1450.0,1005.0,85.0,5200.0,555.0,56.1,50.7
Humbermede,22.0,1735.0,1100.0,905.0,545.0,1015.0,4275.0,855.0,4190.0,860.0,70.0,105.0,235.0,275.0,300.0,280.0,300.0,235.0,540.0,405.0,380.0,315.0,255.0,1055.0,95.0,5060.0,3635.0,3825.0,500.0,305.0,2110.0,250.0,1955.0,1370.0,135.0,6865.0,780.0,60.7,54.6
Humewood-Cedarvale,106.0,1805.0,780.0,780.0,240.0,1390.0,3605.0,2530.0,4030.0,2525.0,130.0,240.0,310.0,290.0,290.0,285.0,295.0,300.0,510.0,430.0,360.0,275.0,240.0,2045.0,935.0,6565.0,1125.0,2225.0,225.0,150.0,1885.0,395.0,6060.0,3505.0,500.0,8265.0,630.0,73.7,68.5
Ionview,125.0,1730.0,940.0,785.0,320.0,985.0,3780.0,1310.0,3860.0,1305.0,95.0,205.0,240.0,295.0,295.0,295.0,340.0,295.0,465.0,440.0,400.0,280.0,260.0,900.0,70.0,5170.0,2385.0,3260.0,315.0,265.0,2100.0,370.0,2600.0,1670.0,205.0,6295.0,610.0,61.1,55.7
Islington-City Centre West,14.0,6390.0,2835.0,2095.0,715.0,4840.0,12040.0,6650.0,12680.0,6640.0,320.0,465.0,665.0,730.0,680.0,735.0,735.0,755.0,1530.0,1475.0,1365.0,1170.0,1065.0,6445.0,1665.0,19330.0,4440.0,8415.0,880.0,790.0,6590.0,1125.0,15135.0,9970.0,1135.0,23805.0,1870.0,68.6,63.6
Junction Area,90.0,1890.0,910.0,790.0,195.0,1425.0,3785.0,1990.0,4040.0,1990.0,110.0,195.0,220.0,225.0,210.0,235.0,220.0,235.0,440.0,420.0,370.0,330.0,335.0,2120.0,470.0,6035.0,1695.0,2510.0,300.0,195.0,1935.0,260.0,5110.0,3250.0,320.0,8390.0,500.0,74.1,69.9
Keelesdale-Eglinton West,110.0,1350.0,815.0,650.0,230.0,890.0,3050.0,1150.0,3030.0,1155.0,80.0,125.0,245.0,220.0,205.0,195.0,200.0,185.0,330.0,290.0,275.0,225.0,225.0,1015.0,90.0,4185.0,3640.0,2675.0,280.0,250.0,1270.0,205.0,1105.0,835.0,110.0,5155.0,485.0,59.9,54.7
Kennedy Park,124.0,2010.0,1145.0,995.0,420.0,1210.0,4580.0,2005.0,4565.0,2005.0,205.0,370.0,410.0,360.0,365.0,365.0,330.0,280.0,585.0,430.0,430.0,350.0,290.0,1245.0,115.0,6570.0,2990.0,4410.0,480.0,330.0,2575.0,525.0,3025.0,2035.0,210.0,7730.0,775.0,59.4,54.0
Kensington-Chinatown,78.0,2070.0,735.0,395.0,175.0,1540.0,3385.0,4090.0,4645.0,4090.0,400.0,550.0,470.0,480.0,370.0,390.0,340.0,325.0,620.0,505.0,445.0,385.0,325.0,1665.0,365.0,8730.0,2850.0,4205.0,295.0,175.0,1855.0,380.0,6395.0,4070.0,285.0,9290.0,825.0,62.6,57.5
Kingsview Village-The Westway,6.0,2640.0,1370.0,1175.0,770.0,1685.0,5940.0,1760.0,6030.0,1750.0,95.0,170.0,390.0,370.0,395.0,425.0,425.0,410.0,765.0,655.0,565.0,430.0,400.0,1875.0,330.0,7775.0,4170.0,5505.0,465.0,435.0,2940.0,515.0,3720.0,2540.0,280.0,9245.0,1020.0,57.8,52.1
Kingsway South,15.0,1200.0,540.0,685.0,245.0,1045.0,2675.0,855.0,2730.0,855.0,20.0,30.0,70.0,55.0,60.0,60.0,70.0,75.0,135.0,165.0,145.0,145.0,140.0,2335.0,1400.0,3580.0,545.0,1290.0,100.0,65.0,975.0,155.0,4440.0,2605.0,280.0,4440.0,360.0,63.2,58.6
Lambton Baby Point,114.0,935.0,530.0,565.0,200.0,635.0,2235.0,810.0,2305.0,820.0,65.0,120.0,145.0,130.0,130.0,100.0,70.0,100.0,170.0,125.0,130.0,115.0,110.0,1400.0,645.0,3120.0,855.0,1215.0,160.0,100.0,880.0,125.0,2950.0,1660.0,220.0,3885.0,320.0,66.8,61.8
L'Amoreaux,117.0,5415.0,3370.0,2590.0,1010.0,3635.0,12385.0,2990.0,12035.0,2995.0,245.0,365.0,640.0,825.0,815.0,775.0,745.0,680.0,1340.0,1150.0,1055.0,855.0,710.0,3680.0,550.0,15030.0,8055.0,10555.0,765.0,625.0,6475.0,1120.0,9780.0,6920.0,685.0,18855.0,2300.0,56.6,50.4
Lansing-Westgate,38.0,2090.0,985.0,960.0,340.0,1600.0,4375.0,1875.0,4715.0,1880.0,130.0,160.0,230.0,230.0,215.0,235.0,210.0,185.0,430.0,390.0,335.0,330.0,300.0,2675.0,1095.0,6585.0,1050.0,2740.0,145.0,150.0,1780.0,430.0,7355.0,4400.0,540.0,8530.0,665.0,67.4,62.5
Lawrence Park North,105.0,1435.0,950.0,1285.0,385.0,1135.0,4060.0,1270.0,4145.0,1255.0,55.0,90.0,105.0,95.0,90.0,120.0,105.0,105.0,195.0,190.0,205.0,215.0,210.0,3405.0,2025.0,5420.0,870.0,1745.0,135.0,115.0,1135.0,265.0,7000.0,4140.0,415.0,7435.0,505.0,70.4,65.9
Lawrence Park South,103.0,1635.0,840.0,1170.0,515.0,1360.0,4160.0,1470.0,4285.0,1475.0,80.0,105.0,125.0,120.0,100.0,135.0,95.0,110.0,240.0,215.0,205.0,190.0,175.0,3660.0,2375.0,5755.0,945.0,1815.0,120.0,100.0,1115.0,285.0,7880.0,4315.0,465.0,7740.0,625.0,68.2,63.1
Leaside-Bennington,56.0,1705.0,995.0,1365.0,490.0,1325.0,4560.0,1780.0,4660.0,1790.0,65.0,80.0,150.0,160.0,150.0,155.0,140.0,165.0,310.0,265.0,265.0,270.0,230.0,3775.0,2260.0,6435.0,1125.0,2350.0,125.0,80.0,1680.0,325.0,7665.0,4665.0,465.0,8510.0,635.0,68.5,63.7
Little Portugal,84.0,2175.0,780.0,500.0,115.0,1780.0,3555.0,2930.0,4495.0,2925.0,150.0,250.0,285.0,305.0,310.0,315.0,325.0,305.0,605.0,550.0,540.0,470.0,425.0,2105.0,415.0,7430.0,2385.0,2775.0,230.0,200.0,1990.0,235.0,5840.0,4010.0,220.0,9965.0,685.0,78.0,73.0
Long Branch,19.0,1500.0,630.0,450.0,110.0,1085.0,2695.0,1870.0,2945.0,1870.0,95.0,175.0,240.0,225.0,195.0,225.0,215.0,230.0,400.0,360.0,310.0,295.0,230.0,1265.0,300.0,4810.0,1320.0,2340.0,225.0,215.0,1800.0,230.0,2585.0,1735.0,160.0,5725.0,440.0,70.6,65.6
Malvern,132.0,4330.0,3040.0,2860.0,1680.0,2585.0,11925.0,2115.0,11310.0,2115.0,160.0,290.0,485.0,600.0,630.0,680.0,650.0,655.0,1360.0,1200.0,1000.0,905.0,795.0,3280.0,225.0,13430.0,7345.0,11575.0,1155.0,710.0,6915.0,935.0,7230.0,5465.0,385.0,19925.0,2335.0,62.0,55.5
Maple Leaf,29.0,1215.0,720.0,655.0,210.0,805.0,2795.0,765.0,2795.0,770.0,35.0,55.0,175.0,200.0,150.0,185.0,195.0,180.0,345.0,320.0,220.0,200.0,190.0,955.0,200.0,3560.0,2395.0,2380.0,330.0,200.0,1200.0,275.0,1580.0,1310.0,95.0,4735.0,415.0,61.4,56.5
Markland Wood,12.0,1480.0,720.0,670.0,185.0,1135.0,3060.0,1180.0,3130.0,1180.0,25.0,45.0,125.0,145.0,140.0,135.0,170.0,160.0,320.0,285.0,275.0,255.0,230.0,1875.0,575.0,4310.0,1070.0,2255.0,205.0,200.0,1655.0,195.0,3525.0,2390.0,290.0,5115.0,335.0,59.8,56.1
Milliken,130.0,3210.0,2140.0,1650.0,575.0,2225.0,7570.0,925.0,6765.0,925.0,75.0,130.0,245.0,450.0,400.0,355.0,380.0,345.0,645.0,635.0,565.0,510.0,395.0,2070.0,295.0,7680.0,6320.0,7115.0,340.0,280.0,3070.0,625.0,4635.0,3700.0,255.0,11035.0,1160.0,54.5,49.3
Mimico (includes Humber Bay Shores),17.0,5600.0,1905.0,1110.0,270.0,4450.0,8875.0,8215.0,9560.0,8215.0,370.0,635.0,750.0,665.0,660.0,645.0,705.0,675.0,1270.0,1255.0,1120.0,1105.0,920.0,5455.0,1245.0,17770.0,3570.0,6410.0,760.0,650.0,6080.0,835.0,11520.0,7560.0,890.0,19865.0,1305.0,70.9,66.6
Morningside,135.0,1900.0,1160.0,1065.0,550.0,1220.0,4675.0,1205.0,4680.0,1195.0,125.0,215.0,250.0,295.0,285.0,270.0,310.0,275.0,475.0,425.0,385.0,320.0,310.0,1515.0,205.0,5885.0,2465.0,4345.0,450.0,340.0,3065.0,405.0,3220.0,2255.0,275.0,7770.0,995.0,61.3,54.4
Moss Park,73.0,2830.0,610.0,255.0,160.0,2395.0,3855.0,6850.0,4700.0,6850.0,725.0,1050.0,525.0,495.0,370.0,395.0,405.0,355.0,645.0,635.0,580.0,520.0,500.0,3005.0,800.0,11555.0,1680.0,3415.0,290.0,255.0,2510.0,425.0,8465.0,5480.0,495.0,11485.0,845.0,72.4,67.5
Mount Dennis,115.0,1580.0,1055.0,680.0,305.0,835.0,3620.0,1455.0,3725.0,1455.0,125.0,255.0,285.0,290.0,310.0,295.0,240.0,280.0,490.0,425.0,315.0,320.0,275.0,860.0,50.0,5175.0,2810.0,3385.0,375.0,305.0,1980.0,350.0,1650.0,1045.0,205.0,6150.0,745.0,63.6,56.6
Mount Olive-Silverstone-Jamestown,2.0,2850.0,2255.0,2135.0,1390.0,1725.0,8625.0,1510.0,8370.0,1530.0,210.0,290.0,405.0,515.0,575.0,615.0,590.0,580.0,1065.0,915.0,740.0,590.0,500.0,1705.0,110.0,9875.0,7895.0,7785.0,680.0,545.0,3845.0,555.0,4450.0,3015.0,270.0,12975.0,1785.0,57.4,50.4
Mount Pleasant East,99.0,2025.0,1035.0,1180.0,260.0,1625.0,4495.0,2655.0,4780.0,2665.0,95.0,170.0,230.0,220.0,210.0,220.0,220.0,215.0,445.0,425.0,370.0,315.0,290.0,3560.0,1740.0,7435.0,1015.0,2280.0,185.0,135.0,1865.0,325.0,7970.0,4720.0,505.0,9050.0,670.0,70.5,65.7
Mount Pleasant West,104.0,4560.0,1390.0,665.0,125.0,3720.0,6745.0,9685.0,7820.0,9680.0,455.0,690.0,750.0,645.0,610.0,690.0,735.0,735.0,1470.0,1320.0,1185.0,1085.0,910.0,4495.0,1095.0,17500.0,1500.0,4475.0,380.0,320.0,4165.0,775.0,14915.0,9275.0,965.0,18450.0,1330.0,74.5,69.5
New Toronto,18.0,1525.0,685.0,510.0,165.0,990.0,2890.0,2205.0,3165.0,2210.0,150.0,300.0,350.0,290.0,295.0,240.0,225.0,210.0,390.0,340.0,285.0,205.0,195.0,1335.0,225.0,5375.0,1610.0,2505.0,255.0,215.0,2015.0,295.0,2790.0,1990.0,220.0,5895.0,565.0,66.7,60.9
Newtonbrook East,50.0,2015.0,1135.0,885.0,225.0,1520.0,4260.0,1585.0,4525.0,1595.0,155.0,210.0,245.0,325.0,260.0,190.0,210.0,225.0,400.0,380.0,350.0,280.0,275.0,1830.0,535.0,6120.0,1485.0,3005.0,215.0,180.0,1815.0,505.0,6745.0,4290.0,440.0,7375.0,710.0,57.9,52.8
Newtonbrook West,36.0,3110.0,1800.0,1210.0,395.0,2215.0,6525.0,2145.0,6815.0,2135.0,215.0,295.0,460.0,510.0,485.0,410.0,375.0,370.0,665.0,620.0,540.0,455.0,380.0,2170.0,470.0,8960.0,2450.0,5515.0,605.0,390.0,3040.0,915.0,7920.0,5030.0,730.0,11390.0,1050.0,59.7,54.7
Niagara,82.0,5430.0,1160.0,450.0,85.0,4765.0,7115.0,10075.0,8695.0,10075.0,335.0,535.0,535.0,540.0,515.0,530.0,600.0,650.0,1350.0,1415.0,1395.0,1325.0,1195.0,6795.0,1535.0,18780.0,1280.0,3805.0,360.0,380.0,4895.0,655.0,17025.0,11835.0,890.0,23490.0,1110.0,86.6,82.7
North Riverdale,68.0,1480.0,695.0,770.0,190.0,1170.0,3140.0,1650.0,3350.0,1655.0,65.0,130.0,175.0,160.0,165.0,155.0,185.0,175.0,320.0,275.0,240.0,210.0,210.0,2280.0,1055.0,5005.0,1040.0,1850.0,155.0,75.0,1260.0,155.0,5185.0,3030.0,325.0,6780.0,380.0,73.5,69.6
North St. James Town,74.0,2155.0,960.0,580.0,255.0,1560.0,3960.0,4520.0,5035.0,4530.0,450.0,765.0,570.0,555.0,540.0,520.0,470.0,490.0,815.0,600.0,525.0,400.0,340.0,1170.0,170.0,9555.0,2040.0,3805.0,335.0,300.0,2650.0,635.0,6305.0,4010.0,465.0,9715.0,1125.0,67.5,60.4
Oakridge,121.0,1305.0,865.0,755.0,465.0,825.0,3375.0,1785.0,3495.0,1790.0,290.0,410.0,330.0,330.0,350.0,335.0,310.0,250.0,435.0,350.0,250.0,210.0,180.0,635.0,50.0,5285.0,2270.0,3020.0,265.0,210.0,1715.0,330.0,2950.0,1660.0,180.0,5250.0,900.0,57.2,48.8
Oakwood Village,107.0,2695.0,1590.0,1105.0,305.0,1785.0,5690.0,2650.0,6035.0,2660.0,180.0,255.0,505.0,410.0,470.0,435.0,440.0,355.0,615.0,580.0,520.0,430.0,385.0,2340.0,450.0,8690.0,4450.0,4175.0,570.0,340.0,2705.0,510.0,5080.0,3270.0,315.0,10920.0,800.0,65.7,61.2
O'Connor-Parkview,54.0,2325.0,1175.0,1050.0,455.0,1520.0,5005.0,2210.0,5260.0,2200.0,150.0,265.0,395.0,375.0,370.0,375.0,350.0,295.0,595.0,485.0,410.0,385.0,345.0,2095.0,515.0,7470.0,2905.0,4240.0,510.0,350.0,2985.0,455.0,3970.0,2735.0,285.0,8620.0,970.0,62.2,56.0
Old East York,58.0,1225.0,615.0,580.0,160.0,890.0,2575.0,1115.0,2670.0,1120.0,60.0,85.0,150.0,135.0,130.0,170.0,130.0,155.0,245.0,255.0,215.0,205.0,170.0,1485.0,430.0,3785.0,1340.0,1930.0,265.0,135.0,1380.0,250.0,2435.0,1685.0,185.0,4870.0,255.0,66.0,62.9
Palmerston-Little Italy,80.0,1915.0,660.0,505.0,115.0,1585.0,3195.0,2230.0,4100.0,2235.0,130.0,225.0,265.0,255.0,270.0,265.0,255.0,200.0,440.0,405.0,400.0,310.0,270.0,2225.0,650.0,6330.0,1795.0,2410.0,190.0,105.0,1545.0,235.0,6210.0,3805.0,285.0,8640.0,630.0,74.2,69.1
Parkwoods-Donalda,45.0,4155.0,2515.0,2145.0,850.0,2660.0,9670.0,3370.0,9955.0,3360.0,185.0,315.0,590.0,600.0,615.0,575.0,620.0,620.0,1200.0,1025.0,880.0,790.0,650.0,3795.0,890.0,13315.0,4140.0,7660.0,700.0,605.0,5295.0,1055.0,9410.0,6105.0,730.0,16565.0,1685.0,63.1,57.3
Pelmo Park-Humberlea,23.0,1260.0,775.0,765.0,260.0,845.0,3060.0,745.0,2965.0,750.0,45.0,50.0,110.0,120.0,145.0,170.0,150.0,145.0,285.0,285.0,240.0,240.0,250.0,1355.0,190.0,3710.0,2210.0,2635.0,320.0,370.0,1595.0,255.0,1595.0,1220.0,135.0,5520.0,355.0,65.4,61.5
Playter Estates-Danforth,67.0,970.0,400.0,435.0,130.0,800.0,1935.0,1455.0,2125.0,1455.0,65.0,130.0,160.0,120.0,135.0,120.0,135.0,120.0,225.0,200.0,195.0,190.0,130.0,1350.0,630.0,3575.0,635.0,1190.0,125.0,60.0,960.0,135.0,3380.0,1980.0,195.0,4385.0,300.0,72.1,67.6
Pleasant View,46.0,2035.0,1290.0,965.0,270.0,1465.0,4565.0,1025.0,4490.0,1025.0,75.0,100.0,215.0,225.0,255.0,230.0,255.0,230.0,455.0,405.0,370.0,310.0,295.0,1775.0,295.0,5520.0,2355.0,3495.0,345.0,250.0,2205.0,495.0,4625.0,3090.0,275.0,7315.0,810.0,59.0,53.1
Princess-Rosethorn,10.0,1340.0,755.0,920.0,300.0,1115.0,3305.0,550.0,3310.0,555.0,10.0,35.0,65.0,55.0,85.0,95.0,70.0,70.0,165.0,165.0,160.0,170.0,170.0,2450.0,1270.0,3865.0,955.0,2005.0,155.0,125.0,1285.0,275.0,4480.0,2755.0,360.0,5520.0,355.0,63.3,59.5
Regent Park,72.0,1225.0,515.0,400.0,330.0,835.0,2465.0,2155.0,2805.0,2140.0,300.0,360.0,305.0,295.0,265.0,265.0,235.0,210.0,395.0,360.0,255.0,220.0,175.0,745.0,150.0,4960.0,1870.0,2335.0,170.0,95.0,1220.0,265.0,3085.0,2060.0,180.0,5120.0,545.0,62.6,56.6
Rexdale-Kipling,4.0,1255.0,760.0,620.0,250.0,800.0,2885.0,990.0,2850.0,990.0,95.0,140.0,175.0,165.0,160.0,190.0,175.0,160.0,335.0,275.0,230.0,230.0,225.0,1040.0,95.0,3845.0,1960.0,2675.0,330.0,255.0,1625.0,260.0,1620.0,1185.0,130.0,4880.0,600.0,62.8,55.9
Rockcliffe-Smythe,111.0,2840.0,1515.0,1160.0,495.0,1795.0,6020.0,2985.0,6070.0,2990.0,280.0,370.0,510.0,475.0,450.0,475.0,425.0,395.0,705.0,645.0,560.0,475.0,460.0,2005.0,165.0,9060.0,5695.0,5470.0,735.0,670.0,3015.0,455.0,2700.0,1930.0,195.0,10180.0,1030.0,59.8,54.3
Roncesvalles,86.0,1900.0,810.0,740.0,240.0,1485.0,3680.0,2715.0,4180.0,2705.0,175.0,355.0,350.0,275.0,285.0,255.0,240.0,260.0,460.0,425.0,350.0,345.0,300.0,2145.0,675.0,6885.0,1800.0,2725.0,265.0,170.0,1815.0,315.0,5490.0,3435.0,270.0,8415.0,600.0,71.7,66.9
Rosedale-Moore Park,98.0,3165.0,955.0,965.0,435.0,2800.0,5520.0,4170.0,5895.0,4170.0,120.0,185.0,255.0,260.0,215.0,225.0,275.0,255.0,525.0,510.0,505.0,440.0,440.0,5265.0,3055.0,10045.0,1045.0,2870.0,210.0,125.0,1795.0,520.0,11425.0,6010.0,900.0,10815.0,695.0,63.9,60.1
Rouge,131.0,4415.0,3215.0,3600.0,1645.0,3060.0,12865.0,1640.0,11755.0,1620.0,80.0,130.0,245.0,325.0,325.0,410.0,405.0,455.0,970.0,950.0,930.0,940.0,845.0,6060.0,1075.0,13395.0,6580.0,11740.0,1020.0,635.0,7740.0,1210.0,9195.0,6765.0,640.0,22625.0,2010.0,64.7,59.4
Runnymede-Bloor West Village,89.0,1165.0,715.0,825.0,180.0,920.0,2890.0,840.0,2975.0,835.0,30.0,45.0,95.0,85.0,95.0,110.0,95.0,100.0,195.0,190.0,195.0,170.0,170.0,2110.0,875.0,3815.0,960.0,1385.0,110.0,105.0,1140.0,130.0,4165.0,2455.0,195.0,5535.0,295.0,72.6,69.0
Rustic,28.0,1220.0,705.0,555.0,260.0,595.0,2740.0,890.0,2760.0,890.0,90.0,170.0,275.0,250.0,235.0,240.0,200.0,165.0,295.0,210.0,195.0,175.0,120.0,665.0,115.0,3655.0,2550.0,2420.0,315.0,275.0,1285.0,180.0,800.0,585.0,100.0,3735.0,375.0,52.4,47.8
Scarborough Village,139.0,1685.0,1085.0,975.0,605.0,975.0,4355.0,1530.0,4395.0,1535.0,180.0,305.0,325.0,345.0,370.0,345.0,325.0,355.0,570.0,420.0,355.0,300.0,220.0,1080.0,195.0,5930.0,2955.0,3785.0,355.0,265.0,2305.0,460.0,2935.0,1810.0,190.0,6560.0,980.0,57.7,50.2
South Parkdale,85.0,2715.0,970.0,610.0,210.0,1955.0,4500.0,5830.0,5550.0,5855.0,405.0,860.0,760.0,705.0,655.0,660.0,615.0,580.0,925.0,760.0,600.0,495.0,390.0,1505.0,240.0,11385.0,3050.0,4520.0,535.0,495.0,3630.0,445.0,5900.0,4210.0,320.0,12020.0,1125.0,70.7,64.7
South Riverdale,70.0,3870.0,1710.0,1300.0,365.0,3020.0,7240.0,4335.0,7745.0,4330.0,320.0,515.0,450.0,395.0,430.0,435.0,370.0,350.0,705.0,735.0,630.0,620.0,560.0,4645.0,1435.0,12075.0,4050.0,4820.0,360.0,250.0,3700.0,535.0,9420.0,6305.0,420.0,15470.0,1070.0,71.4,66.8
St.Andrew-Windfields,40.0,2160.0,1280.0,1215.0,470.0,1660.0,5125.0,1310.0,5125.0,1305.0,85.0,120.0,175.0,190.0,165.0,210.0,165.0,175.0,355.0,320.0,350.0,290.0,275.0,3215.0,1745.0,6420.0,1440.0,3135.0,145.0,135.0,1815.0,595.0,7770.0,4200.0,555.0,8475.0,770.0,61.5,56.3
Steeles,116.0,3335.0,2030.0,1445.0,405.0,2455.0,7200.0,1260.0,6560.0,1235.0,115.0,150.0,315.0,405.0,410.0,395.0,300.0,315.0,565.0,605.0,515.0,475.0,430.0,2245.0,380.0,7820.0,4975.0,6235.0,395.0,210.0,2865.0,660.0,5810.0,4320.0,300.0,9990.0,1045.0,52.2,47.3
Stonegate-Queensway,16.0,3305.0,1730.0,1675.0,395.0,2530.0,7110.0,3025.0,7360.0,3015.0,120.0,220.0,400.0,385.0,385.0,330.0,375.0,375.0,670.0,640.0,570.0,480.0,450.0,4470.0,1715.0,10380.0,2720.0,4565.0,505.0,360.0,3630.0,565.0,8490.0,5335.0,725.0,13125.0,935.0,67.5,63.0
Tam O'Shanter-Sullivan,118.0,3595.0,1965.0,1540.0,605.0,2505.0,7720.0,2430.0,7630.0,2430.0,155.0,255.0,505.0,580.0,520.0,510.0,520.0,460.0,850.0,730.0,630.0,600.0,470.0,2455.0,400.0,10065.0,4460.0,6350.0,555.0,420.0,3690.0,755.0,6895.0,4830.0,375.0,11730.0,1175.0,55.8,50.7
Taylor-Massey,61.0,1715.0,1085.0,920.0,335.0,1130.0,4060.0,1900.0,4375.0,1885.0,180.0,330.0,375.0,385.0,385.0,390.0,385.0,385.0,620.0,495.0,410.0,310.0,240.0,830.0,75.0,6270.0,2030.0,3065.0,305.0,175.0,2050.0,375.0,4535.0,2435.0,260.0,7030.0,910.0,63.3,56.1
The Beaches,63.0,2855.0,1285.0,1390.0,410.0,2250.0,5930.0,3265.0,6165.0,3265.0,150.0,260.0,270.0,245.0,225.0,280.0,255.0,295.0,510.0,455.0,445.0,430.0,405.0,4740.0,2265.0,9420.0,1455.0,3420.0,255.0,200.0,2680.0,375.0,9235.0,5705.0,590.0,11985.0,725.0,72.2,68.0
Thistletown-Beaumond Heights,3.0,1155.0,715.0,615.0,320.0,805.0,2805.0,570.0,2710.0,570.0,35.0,65.0,150.0,140.0,160.0,165.0,170.0,180.0,290.0,270.0,185.0,210.0,185.0,940.0,120.0,3280.0,2075.0,2340.0,265.0,310.0,1440.0,280.0,1690.0,1175.0,95.0,4540.0,525.0,60.3,54.1
Thorncliffe Park,55.0,1665.0,1060.0,1120.0,1205.0,1140.0,5055.0,1920.0,5210.0,1915.0,160.0,255.0,375.0,490.0,490.0,465.0,470.0,415.0,730.0,560.0,425.0,360.0,270.0,925.0,100.0,7130.0,3195.0,4015.0,265.0,135.0,2070.0,505.0,5075.0,3125.0,265.0,7415.0,1070.0,55.7,48.6
Trinity-Bellwoods,81.0,2315.0,905.0,645.0,170.0,1855.0,4045.0,2155.0,4750.0,2155.0,105.0,215.0,315.0,245.0,300.0,295.0,260.0,255.0,510.0,435.0,370.0,390.0,340.0,2445.0,730.0,6910.0,3115.0,3275.0,190.0,190.0,1740.0,225.0,5745.0,3515.0,365.0,9440.0,610.0,69.4,65.1
University,79.0,895.0,290.0,175.0,40.0,740.0,1405.0,1440.0,1955.0,1430.0,145.0,165.0,175.0,130.0,125.0,140.0,135.0,110.0,210.0,200.0,180.0,150.0,110.0,1010.0,340.0,3395.0,520.0,1190.0,105.0,55.0,600.0,175.0,3515.0,1965.0,195.0,4035.0,365.0,71.5,65.5
Victoria Village,43.0,2220.0,1165.0,875.0,370.0,1380.0,4630.0,2640.0,4765.0,2650.0,205.0,280.0,420.0,385.0,400.0,370.0,370.0,425.0,640.0,570.0,490.0,385.0,290.0,1445.0,240.0,7410.0,2930.0,3780.0,475.0,260.0,2930.0,425.0,3760.0,2630.0,255.0,7745.0,870.0,59.2,53.2
Waterfront Communities-The Island,77.0,11035.0,2275.0,845.0,245.0,9825.0,14415.0,22040.0,18725.0,22050.0,880.0,1175.0,1215.0,1145.0,1105.0,1160.0,1250.0,1250.0,2690.0,2945.0,2895.0,2585.0,2405.0,14995.0,3850.0,40765.0,1900.0,8340.0,625.0,445.0,7470.0,1450.0,41735.0,27280.0,2360.0,48470.0,2640.0,82.4,78.2
West Hill,136.0,3070.0,1865.0,1525.0,820.0,1815.0,7290.0,2790.0,7195.0,2790.0,395.0,560.0,490.0,485.0,490.0,465.0,465.0,380.0,795.0,680.0,605.0,565.0,500.0,2340.0,300.0,9985.0,4990.0,6425.0,765.0,665.0,4625.0,600.0,4330.0,3015.0,315.0,11585.0,1515.0,58.5,51.7
West Humber-Clairville,1.0,3450.0,2300.0,2145.0,950.0,2400.0,8860.0,1790.0,8490.0,1800.0,145.0,200.0,345.0,400.0,420.0,430.0,445.0,435.0,900.0,830.0,835.0,690.0,615.0,3085.0,310.0,10290.0,5905.0,8510.0,835.0,590.0,5025.0,800.0,6170.0,4245.0,410.0,16140.0,1705.0,64.1,58.0
Westminster-Branson,35.0,3520.0,1980.0,1330.0,470.0,2415.0,7305.0,2750.0,7485.0,2685.0,190.0,330.0,550.0,605.0,545.0,520.0,480.0,505.0,865.0,780.0,655.0,595.0,525.0,2015.0,305.0,10230.0,2745.0,5540.0,585.0,340.0,4015.0,1005.0,8485.0,5195.0,1125.0,12780.0,1290.0,61.8,56.2
Weston,113.0,2190.0,1170.0,765.0,420.0,1245.0,4555.0,2805.0,4795.0,2810.0,265.0,465.0,455.0,490.0,440.0,405.0,375.0,370.0,615.0,510.0,425.0,310.0,295.0,1360.0,175.0,7600.0,3630.0,4180.0,540.0,545.0,2970.0,340.0,2395.0,1705.0,210.0,8105.0,965.0,62.1,55.5
Weston-Pelham Park,91.0,1305.0,800.0,620.0,245.0,865.0,2965.0,1200.0,3025.0,1190.0,200.0,255.0,225.0,175.0,175.0,180.0,175.0,180.0,260.0,265.0,255.0,220.0,230.0,1140.0,80.0,4230.0,3095.0,2590.0,285.0,220.0,1420.0,195.0,1610.0,1130.0,90.0,5460.0,505.0,63.3,58.0
Wexford/Maryvale,119.0,3295.0,1950.0,1605.0,715.0,2190.0,7565.0,2540.0,7570.0,2540.0,145.0,285.0,495.0,455.0,535.0,480.0,500.0,445.0,855.0,770.0,675.0,590.0,505.0,2740.0,330.0,10105.0,4395.0,7240.0,800.0,645.0,4165.0,785.0,5305.0,3770.0,335.0,13055.0,1285.0,61.5,55.9
Willowdale East,51.0,6805.0,3875.0,2525.0,550.0,5230.0,13765.0,7390.0,14920.0,7380.0,640.0,755.0,805.0,945.0,790.0,800.0,770.0,790.0,1525.0,1420.0,1300.0,1285.0,1080.0,6405.0,1605.0,22305.0,3110.0,8580.0,535.0,280.0,5225.0,1495.0,25095.0,15435.0,1390.0,24770.0,2300.0,61.1,55.9
Willowdale West,37.0,2350.0,1090.0,820.0,210.0,1905.0,4455.0,2660.0,4890.0,2705.0,225.0,250.0,325.0,315.0,285.0,245.0,265.0,240.0,440.0,390.0,375.0,375.0,335.0,2320.0,640.0,7550.0,1405.0,3140.0,205.0,210.0,1935.0,455.0,7515.0,4700.0,410.0,7760.0,845.0,57.9,52.2
Willowridge-Martingrove-Richview,7.0,2850.0,1515.0,1420.0,510.0,2060.0,6315.0,2170.0,6330.0,2175.0,85.0,155.0,365.0,395.0,375.0,375.0,380.0,370.0,630.0,610.0,555.0,510.0,435.0,2895.0,655.0,8510.0,3440.0,5205.0,615.0,510.0,3075.0,465.0,5265.0,3655.0,385.0,9940.0,920.0,58.5,53.5
Woburn,137.0,5930.0,3675.0,3200.0,1620.0,3895.0,14400.0,4220.0,14225.0,4235.0,455.0,685.0,825.0,960.0,910.0,950.0,955.0,815.0,1725.0,1405.0,1240.0,1070.0,865.0,3980.0,430.0,18430.0,8850.0,13170.0,1025.0,830.0,7535.0,1120.0,10860.0,7575.0,705.0,22505.0,2665.0,58.0,51.9
Woodbine Corridor,64.0,1645.0,840.0,780.0,160.0,1190.0,3430.0,1860.0,3590.0,1875.0,125.0,265.0,275.0,190.0,225.0,160.0,190.0,180.0,295.0,290.0,235.0,235.0,220.0,2190.0,610.0,5455.0,1430.0,2065.0,225.0,185.0,1760.0,225.0,4220.0,2795.0,240.0,6715.0,560.0,71.9,66.4
Woodbine-Lumsden,60.0,1125.0,565.0,410.0,95.0,830.0,2200.0,1105.0,2340.0,1105.0,65.0,105.0,150.0,135.0,110.0,130.0,115.0,115.0,245.0,205.0,200.0,185.0,195.0,1245.0,210.0,3450.0,1015.0,1760.0,190.0,125.0,1235.0,125.0,2245.0,1435.0,135.0,4380.0,310.0,70.2,65.5
Wychwood,94.0,1820.0,765.0,680.0,195.0,1320.0,3475.0,2080.0,3815.0,2065.0,120.0,185.0,325.0,270.0,225.0,225.0,225.0,225.0,400.0,390.0,315.0,300.0,275.0,1895.0,610.0,5880.0,1860.0,2285.0,220.0,205.0,1710.0,330.0,4775.0,2770.0,315.0,7470.0,410.0,69.2,65.6
Yonge-Eglinton,100.0,1555.0,680.0,665.0,170.0,1290.0,3065.0,2365.0,3310.0,2370.0,105.0,145.0,175.0,170.0,190.0,210.0,195.0,180.0,370.0,375.0,325.0,275.0,245.0,2340.0,1110.0,5680.0,575.0,1430.0,140.0,85.0,1275.0,235.0,6255.0,3625.0,370.0,6815.0,505.0,73.2,68.2
Yonge-St.Clair,97.0,2130.0,535.0,380.0,115.0,1850.0,3160.0,3475.0,3535.0,3520.0,120.0,185.0,225.0,220.0,215.0,235.0,260.0,260.0,505.0,445.0,415.0,340.0,325.0,2865.0,1380.0,7010.0,460.0,1820.0,165.0,100.0,1410.0,360.0,6775.0,3720.0,445.0,7245.0,455.0,69.4,65.2
York University Heights,27.0,3150.0,1845.0,1395.0,610.0,1955.0,7000.0,2660.0,7505.0,2655.0,230.0,340.0,525.0,525.0,590.0,570.0,530.0,530.0,950.0,845.0,615.0,605.0,515.0,1955.0,195.0,10165.0,5125.0,6980.0,830.0,505.0,3765.0,765.0,5555.0,3910.0,340.0,13235.0,1585.0,63.0,56.3
Yorkdale-Glen Park,31.0,1835.0,1035.0,740.0,330.0,1245.0,3930.0,1355.0,3985.0,1350.0,65.0,120.0,245.0,240.0,290.0,275.0,280.0,230.0,470.0,370.0,360.0,295.0,235.0,1550.0,325.0,5345.0,3445.0,3385.0,425.0,340.0,1755.0,320.0,2405.0,1595.0,220.0,6670.0,580.0,60.1,55.3
