Characteristic,Neighbourhood Number,"Population, 2016","Population, 2011",Population Change 2011-2016, Average household size,  Married or living common law,  Not married and not living common law,  Total lone-parent families ,"  Under $5,000","  $5,000 to $9,999","  $10,000 to $14,999","  $20,000 to $24,999","  $25,000 to $29,999","  $30,000 to $34,999","  $35,000 to $39,999","  $40,000 to $44,999","  $45,000 to $49,999","  $50,000 to $59,999","  $60,000 to $69,999","  $70,000 to $79,999","  $80,000 to $89,999","  $90,000 to $99,999","  $100,000 and over","    $200,000 and over",  lowincome_18 to 64 years (%),   lowincome_ 0 to 5 years (%),Total_Low_income status in 2015 in household,  housing_Owner,  housing_Renter,Employment rate,Unemployment rate,"    No certificate, diploma or degree",   Secondary (high) school diploma or equivalency certificate,"   College, CEGEP or other non-university certificate or diploma",   University certificate or diploma below bachelor level,    Bachelor's degree,    Master's degree,    University certificate or diploma above bachelor level,"    Degree in medicine, dentistry, veterinary medicine or optometry",    Earned doctorate
City of Toronto,,"2,731,571","2,615,060",4.50%,2.42,"1,181,360","1,152,075","152,600","33,195","23,455","36,550","47,315","47,500","46,945","47,115","46,285","44,650","84,180","76,120","68,190","60,400","53,485","343,520","96,600",19.2,26.3,"2,691,665","587,095","525,835",59.3,8.2,377340,561090,362080,65015,534610,192120,54570,23540,30415
Agincourt North,129,"29,113","30,279",-3.90%,3.16,14200,11075,1655,155,105,160,320,540,420,455,420,435,800,700,635,525,515,"2,505",325,19.2,32.3,"28,820","7,395","1,720",50,9.8,6550,7460,3540,775,4380,890,295,125,115
Agincourt South-Malvern West,128,"23,757","21,988",8.00%,2.88,11205,9475,1365,315,140,195,315,400,370,385,370,415,770,645,595,510,405,"2,030",285,22.2,30.2,"23,470","5,890","2,250",53.2,9.8,4035,6090,3150,655,4210,1020,280,150,110
Alderwood,20,"12,054","11,904",1.30%,2.6,5735,4550,665,55,45,80,145,150,155,170,160,165,335,300,320,275,250,"1,915",360,7.9,8.8,"12,030","3,675",950,62.4,6.1,2005,2960,2095,230,1660,430,125,35,35
Annex,95,"30,526","29,177",4.60%,1.8,12275,15890,895,850,485,655,620,530,525,555,540,505,"1,000",900,795,715,605,"5,895","2,670",20.1,15,"28,640","6,060","9,870",65.8,6.7,1585,4270,2700,615,9135,4795,960,460,1210
Banbury-Don Mills,42,"27,695","26,918",2.90%,2.23,13240,10850,1245,265,155,235,395,445,405,470,460,400,930,885,780,655,605,"4,615","1,750",14,17.9,"26,995","7,390","4,735",55.6,7.2,2295,5150,3490,795,6500,2575,800,625,375
Bathurst Manor,34,"15,873","15,434",2.80%,2.56,7110,6440,875,130,85,155,245,230,220,255,240,245,400,430,390,310,300,"2,025",515,15.1,18.7,"15,575","3,285","2,800",60.3,7.2,1665,3390,2125,485,3075,1055,475,180,215
Bay Street Corridor,76,"25,797","19,348",33.30%,1.7,9305,14790,790,"2,510",735,740,580,560,490,515,440,410,850,840,815,705,570,"3,600","1,105",39.7,35.3,"25,605","4,835","10,245",56.2,10.2,700,5740,1595,545,8370,3810,680,1235,985
Bayview Village,52,"21,396","17,671",21.10%,2.22,10545,8440,1020,585,260,290,365,370,360,330,350,335,650,655,615,520,495,"3,010",855,24.7,26.2,"21,135","5,605","3,930",58.5,7.7,1310,3680,2905,700,6055,2360,515,475,365
Bayview Woods-Steeles,49,"13,154","13,530",-2.80%,2.7,6565,5075,690,90,70,80,200,170,205,180,200,165,330,290,265,255,250,"1,830",580,19.7,26,"12,660","2,720","1,985",51.3,8,1295,2385,1595,355,3060,1140,410,255,250
Bedford Park-Nortown,39,"23,236","23,185",0.20%,2.68,10890,7790,795,140,85,150,230,215,230,215,225,240,440,395,390,360,275,"4,745","2,915",9.6,9.4,"23,110","6,005","2,595",60.3,5.5,1985,3815,2135,465,5655,2280,725,640,335
Beechborough-Greenbrook,112,"6,577","6,488",1.40%,2.4,2290,3160,695,50,60,160,185,170,190,170,155,125,205,200,160,110,105,430,60,25.4,43.5,"6,370",895,"1,755",52.7,11.4,1605,1515,890,160,445,65,75,15,0
Bendale,127,"29,960","27,876",7.50%,2.7,13310,12110,1630,615,220,255,370,475,465,520,495,530,935,845,765,615,575,"2,625",275,22.5,32.7,"29,095","7,000","3,765",52.9,8.8,4750,7605,4255,695,4550,1090,425,155,75
Birchcliffe-Cliffside,122,"22,291","21,856",2.00%,2.36,9905,9045,1265,165,290,320,405,330,315,340,330,310,650,595,525,475,465,"3,345",930,14.8,16.3,"21,690","6,145","3,055",59.6,8.8,2930,5245,3610,485,3470,1135,365,80,135
Black Creek,24,"21,737","22,057",-1.50%,2.94,7025,10110,2370,140,170,315,440,480,485,445,460,430,750,565,475,360,305,900,40,28.6,49.2,"21,550","2,440","4,880",47.8,12.7,6420,5195,2360,340,1235,145,90,55,55
Blake-Jones,69,"7,727","7,763",-0.50%,2.46,3240,3090,535,55,90,145,135,140,130,115,115,100,165,165,140,120,115,"1,105",320,22,21.6,"7,685","1,690","1,435",59.6,8.5,1175,1345,920,125,1550,605,160,20,100
Briar Hill-Belgravia,108,"14,257","14,302",-0.30%,2.48,6210,6195,920,105,135,190,280,265,250,295,285,240,470,430,415,370,315,"1,375",165,16.1,21.5,"14,205","2,835","2,900",61.8,8.7,2545,3080,2170,455,2360,610,300,55,70
Bridle Path-Sunnybrook-York Mills,41,"9,266","8,713",6.30%,2.83,4855,2975,290,80,25,35,30,45,40,45,30,30,100,95,75,95,105,"2,370","1,705",9.4,9.3,"9,185","2,940",295,53.6,8,615,1500,510,220,2585,1265,405,385,165
Broadview North,57,"11,499","11,563",-0.60%,2,4730,5300,645,145,110,200,290,345,335,305,310,270,540,400,320,280,225,"1,230",320,21.7,25.6,"11,330","1,805","3,855",61.1,8.2,1665,2295,1705,225,2215,890,240,55,115
Brookhaven-Amesbury,30,"17,757","17,787",-0.20%,2.73,6690,7695,1730,100,125,255,385,360,385,425,365,325,595,560,440,345,275,"1,225",150,22.3,37.5,"17,700","2,620","3,860",57.1,10,4270,4150,2555,410,1435,230,195,40,15
Cabbagetown-South St. James Town,71,"11,669","12,053",-3.20%,1.71,4590,6285,380,175,160,330,330,265,245,240,235,255,425,420,350,295,270,"1,925",700,19.1,16.2,"10,990","2,855","3,590",65.6,8,770,2065,1600,325,2925,1380,380,100,320
Caledonia-Fairbank,109,"9,955","9,851",1.10%,2.69,4585,3875,610,55,65,100,175,155,190,180,170,180,295,255,250,210,235,"1,040",80,13.2,20.3,"9,910","2,380","1,300",61.1,7.2,2925,2175,1385,190,850,175,95,20,30
Casa Loma,96,"10,968","10,487",4.60%,2,5275,4485,315,165,75,135,160,185,170,170,140,160,280,285,285,240,260,"2,535","1,325",14,11.5,"10,785","2,170","3,235",62.8,6.6,490,1690,1165,170,3315,1590,365,305,330
Centennial Scarborough,133,"13,362","13,093",2.10%,3.05,6955,4260,590,20,25,35,45,75,85,75,95,90,210,230,235,295,270,"2,545",715,6,7,"13,340","4,095",280,59.3,7.6,1295,2820,2235,350,2925,785,200,60,90
Church-Yonge Corridor,75,"31,340","28,349",10.60%,1.54,10880,19190,750,"1,310",755,"1,070",875,720,765,785,760,755,"1,445","1,310","1,255","1,005",925,"4,840","1,130",26.2,26.4,"30,315","5,800","13,865",68.7,8.5,1220,5510,3800,850,10405,4185,1030,560,765
Clairlea-Birchmount,120,"26,984","24,770",8.90%,2.84,12120,10305,1615,150,110,260,390,420,420,385,445,420,735,700,610,575,555,"2,785",340,18,30.1,"26,300","6,065","3,180",59.6,8.7,4215,6165,3930,570,3825,1365,305,140,130
Clanton Park,33,"16,472","14,612",12.70%,2.51,7360,6340,810,125,100,165,260,270,255,250,285,255,485,480,410,385,310,"2,135",690,13.8,14.1,"16,420","3,545","3,010",63.8,6.1,1735,3245,2310,445,3495,1020,390,195,195
Cliffcrest,123,"15,935","15,703",1.50%,2.68,7245,6115,885,100,85,145,285,245,200,215,255,220,410,350,350,315,285,"2,135",495,15.5,24.6,"15,805","3,950","1,955",55.9,9.7,2165,3925,2645,275,2455,795,235,70,95
Corso Italia-Davenport,92,"14,133","13,743",2.80%,2.56,6480,5740,825,125,85,125,250,205,260,230,260,215,410,370,320,300,310,"1,840",325,13.3,14.5,"14,080","3,450","2,055",63.2,7.2,3390,2875,1675,240,2135,770,165,20,185
Danforth,66,"9,666","9,444",2.40%,2.44,4405,3585,410,75,65,135,190,135,140,130,125,120,220,210,195,155,165,"1,570",520,12.2,7.5,"9,595","2,520","1,400",64.3,6.2,1440,1670,1145,160,2090,835,240,20,125
Danforth East York,59,"17,180","16,712",2.80%,2.43,8180,5975,840,95,105,165,310,260,275,260,255,255,445,385,345,330,375,"2,820",685,12.3,10.7,"17,080","4,965","2,060",62.4,6.9,2500,3045,2370,345,3350,1295,315,70,230
Don Valley Village,47,"27,051","26,739",1.20%,2.69,12825,10150,1470,330,175,255,415,465,500,460,415,435,835,755,710,595,495,"2,755",530,23.7,30.5,"26,820","5,100","4,870",55.1,9.6,2505,5220,3635,970,5995,2335,560,365,425
Dorset Park,126,"25,003","24,363",2.60%,2.78,10765,9990,1620,135,140,250,390,470,470,470,525,465,855,730,625,545,455,"1,830",145,20.1,33.7,"24,380","5,380","3,400",57.1,9.7,3975,5985,3570,635,3485,985,290,70,115
Dovercourt-Wallace Emerson-Junction,93,"36,625","34,631",5.80%,2.37,15640,16510,1880,310,330,605,715,660,640,695,650,625,"1,150","1,035",935,905,815,"4,435",710,16.4,16.7,"36,280","7,630","7,665",65.2,7.2,7105,7335,4590,655,7085,2555,580,110,420
Downsview-Roding-CFB,26,"35,052","34,659",1.10%,2.67,14540,14770,2775,200,180,400,680,655,755,775,710,685,"1,200","1,025",855,730,640,"3,015",355,18.1,28.9,"34,935","6,275","6,855",56.8,7.9,8590,8365,5015,810,3350,590,360,110,90
Dufferin Grove,83,"11,785","11,449",2.90%,2.15,5025,5480,495,125,95,190,260,240,305,290,265,245,415,410,355,285,245,"1,385",265,17.3,17.4,"11,710","2,205","3,235",67.1,7.5,2150,2125,1590,210,2590,935,235,60,145
East End-Danforth,62,"21,381","20,839",2.60%,2.29,9245,8400,1220,210,270,455,445,375,375,330,320,295,530,500,415,400,390,"3,340",950,18,14.9,"21,010","4,990","4,190",64.3,8.2,2290,3915,3155,425,4430,1675,440,80,235
Edenbridge-Humber Valley,9,"15,535","14,943",4.00%,2.43,7325,6095,835,85,50,100,220,200,210,235,225,270,465,415,400,345,280,"2,575","1,290",10.5,16.1,"15,195","3,510","2,745",60.5,6.1,1725,3175,2055,325,3155,1235,415,210,180
Eglinton East,138,"22,776","22,829",-0.20%,2.81,8835,9765,1930,100,130,265,405,500,510,485,475,480,760,650,550,460,335,"1,445",135,23.5,42.9,"22,250","3,560","4,355",52.8,10.8,3925,5645,3305,530,2575,670,260,75,55
Elms-Old Rexdale,5,"9,456","9,550",-1.00%,2.93,3530,4120,885,40,50,80,150,160,170,180,180,175,320,265,240,190,165,730,60,20.4,38.5,"9,450","1,750","1,470",54.6,10,1870,2620,1380,170,820,185,80,25,25
Englemount-Lawrence,32,"22,372","22,086",1.30%,2.65,8245,9325,1430,170,155,290,485,395,390,380,315,335,735,565,500,435,315,"2,155",755,19.1,22.4,"21,885","3,445","4,795",57.4,8.9,2675,4340,2635,725,3730,1170,525,255,185
Eringate-Centennial-West Deane,11,"18,588","18,810",-1.20%,2.7,8940,7015,1060,65,25,70,220,205,250,215,255,235,435,475,465,445,390,"2,995",590,9.1,13.8,"18,520","5,810","1,055",58.9,7.4,2435,4225,3035,425,3360,1010,315,90,150
Etobicoke West Mall,13,"11,848","10,927",8.40%,2.5,5045,5110,820,95,65,125,180,195,210,205,235,210,475,375,325,275,265,"1,200",150,16.8,28.5,"11,465","2,410","2,175",60.5,7.9,1730,2715,1765,365,1810,565,220,30,75
Flemingdon Park,44,"21,933","22,168",-1.10%,2.8,9100,8440,1360,255,145,250,440,500,485,480,505,415,745,665,525,435,350,"1,130",105,30.8,50.7,"21,905","3,500","4,335",50.6,10.6,3825,4850,2740,550,3265,1050,280,150,160
Forest Hill North,102,"12,806","12,474",2.70%,2.33,5645,5100,575,120,95,155,240,220,215,210,230,205,390,345,310,280,245,"1,925","1,025",15.5,14.5,"12,665","1,855","3,590",65.6,7.4,880,2190,1440,435,3015,1190,455,380,275
Forest Hill South,101,"10,732","10,926",-1.80%,2.14,5135,4235,305,125,65,110,165,165,150,145,145,175,315,255,220,210,190,"2,365","1,465",11.2,10.5,"10,615","2,615","2,320",62.1,5.6,690,1605,980,290,2900,1565,415,415,280
Glenfield-Jane Heights,25,"30,491","31,390",-2.90%,3.04,10485,14210,3340,90,155,280,655,590,640,655,535,560,925,720,630,550,470,"1,835",140,21.8,44.1,"30,220","5,105","4,810",48.7,11.5,9560,7190,3650,500,1610,320,160,15,10
Greenwood-Coxwell,65,"14,417","14,083",2.40%,2.37,6270,5690,835,150,140,270,320,230,245,215,205,205,340,330,310,325,305,"2,115",470,18.3,14.7,"14,375","3,595","2,455",64.2,7.2,1960,2710,2005,245,3045,1055,290,40,145
Guildwood,140,"9,917","9,816",1.00%,2.42,4780,3840,530,40,20,40,140,110,130,150,130,160,295,255,265,255,240,"1,715",410,8,9,"9,650","3,085",905,54.7,7.9,1080,2225,1590,235,1785,560,245,20,105
Henry Farm,53,"15,723","11,333",38.70%,2.47,7090,6145,775,460,170,210,280,290,265,280,280,285,545,465,470,415,340,"1,320",230,29.3,33.5,"15,710","2,355","4,010",58.5,10.3,1210,2765,1920,510,3985,1725,350,165,140
High Park North,88,"22,162","21,292",4.10%,1.98,9890,9420,885,330,270,420,460,425,410,420,420,420,800,725,660,630,525,"3,565","1,095",16.6,14.7,"21,820","3,725","7,295",67.1,7.1,1535,3250,2980,510,5975,2805,610,180,585
High Park-Swansea,87,"23,925","21,740",10.10%,2.15,10915,9465,965,260,155,230,430,350,340,345,395,355,730,715,630,590,560,"4,485","1,735",10.8,8.9,"23,350","6,135","4,745",68.9,6,1575,3385,3100,515,6390,2795,690,265,525
Highland Creek,134,"12,494","13,097",-4.60%,3.37,6185,4770,515,60,25,45,70,80,90,120,80,115,230,230,200,195,210,"1,890",440,11.1,15.1,"12,470","3,290",410,55.8,8.5,1625,3200,2085,400,2150,570,205,70,60
Hillcrest Village,48,"16,934","17,656",-4.10%,2.64,8360,6460,935,175,115,170,235,325,245,245,195,165,375,350,405,310,305,"2,215",480,19.9,26.7,"16,920","4,895","1,505",49.1,8.3,1865,3400,2155,575,3980,1535,455,200,280
Humber Heights-Westmount,8,"10,948","10,583",3.40%,2.45,4730,4760,715,45,35,75,180,175,195,195,170,190,375,305,230,265,195,"1,340",320,13.5,22.4,"10,115","2,515","1,620",54.8,7.4,1555,2305,1645,300,1515,495,205,45,80
Humber Summit,21,"12,416","12,525",-0.90%,3.18,5515,4750,820,40,50,60,200,190,215,255,240,220,330,325,270,255,185,970,115,18.3,32.5,"12,410","2,725","1,165",50.7,9.6,3495,2990,1505,195,1005,310,85,20,30
Humbermede,22,"15,545","15,853",-1.90%,3.07,6245,6355,1320,85,70,105,235,275,300,280,300,235,540,405,380,315,255,"1,055",95,20.3,33.9,"15,535","2,660","2,400",54.6,10.2,3635,3825,2110,250,1370,345,135,55,35
Humewood-Cedarvale,106,"14,365","14,108",1.80%,2.17,6155,6040,615,165,130,240,310,290,290,285,295,300,510,430,360,275,240,"2,045",935,16.1,10.5,"14,220","2,325","4,240",68.5,7.1,1125,2225,1885,395,3505,1560,500,190,300
Ionview,125,"13,641","13,091",4.20%,2.63,5650,5675,1090,120,95,205,240,295,295,295,340,295,465,440,400,280,260,900,70,21.4,37.1,"13,605","2,020","3,140",55.7,8.8,2385,3260,2100,370,1670,610,205,60,45
Islington-City Centre West,14,"43,965","38,084",15.40%,2.24,20215,17940,2300,415,320,465,665,730,680,735,735,755,"1,530","1,475","1,365","1,170","1,065","6,445","1,665",14.3,20,"43,225","11,215","8,105",63.6,7.3,4440,8415,6590,1125,9970,3325,1135,275,420
Junction Area,90,"14,366","14,027",2.40%,2.33,6305,5875,700,130,110,195,220,225,210,235,220,235,440,420,370,330,335,"2,120",470,13.7,9,"14,080","3,575","2,460",69.9,5.6,1695,2510,1935,260,3250,1305,320,55,185
Keelesdale-Eglinton West,110,"11,058","10,638",3.90%,2.64,4815,4625,715,70,80,125,245,220,205,195,200,185,330,290,275,225,225,"1,015",90,15.7,21.8,"11,040","2,585","1,610",54.7,8.6,3640,2675,1270,205,835,125,110,20,25
Kennedy Park,124,"17,123","17,058",0.40%,2.6,6820,7535,1305,105,205,370,410,360,365,365,330,280,585,430,430,350,290,"1,245",115,23.7,40.6,"17,100","3,600","2,980",54,9.1,2990,4410,2575,525,2035,630,210,65,70
Kensington-Chinatown,78,"17,945","18,495",-3.00%,2,5470,11155,870,515,400,550,470,480,370,390,340,325,620,505,445,385,325,"1,665",365,30.6,34.1,"17,455","2,540","6,200",57.5,8.2,2850,4205,1855,380,4070,1435,285,205,385
Kingsview Village-The Westway,6,"22,000","21,723",1.30%,2.82,8780,8980,1775,115,95,170,390,370,395,425,425,410,765,655,565,430,400,"1,875",330,22.9,42.5,"21,985","4,055","3,735",52.1,9.9,4170,5505,2940,515,2540,675,280,135,95
Kingsway South,15,"9,271","9,170",1.10%,2.56,4900,2790,270,45,20,30,70,55,60,60,70,75,135,165,145,145,140,"2,335","1,400",5.3,3.7,"9,170","2,910",660,58.6,7.5,545,1290,975,155,2605,1235,280,110,210
Lambton Baby Point,114,"7,985","7,921",0.80%,2.56,3510,2775,515,60,65,120,145,130,130,100,70,100,170,125,130,115,110,"1,400",645,16.8,24.1,"7,980","1,845","1,280",61.8,7.6,855,1215,880,125,1660,820,220,75,170
L'Amoreaux,117,"43,993","44,919",-2.10%,2.89,20130,17760,2855,365,245,365,640,825,815,775,745,680,"1,340","1,150","1,055",855,710,"3,680",550,21.8,35.4,"43,490","9,825","5,205",50.4,10.9,8055,10555,6475,1120,6920,1755,685,195,235
Lansing-Westgate,38,"16,164","14,642",10.40%,2.44,7690,6060,685,330,130,160,230,230,215,235,210,185,430,390,335,330,300,"2,675","1,095",19.3,15,"16,060","3,840","2,740",62.5,7.2,1050,2740,1780,430,4400,1825,540,300,285
Lawrence Park North,105,"14,607","14,541",0.50%,2.69,7225,4100,495,80,55,90,105,95,90,120,105,105,195,190,205,215,210,"3,405","2,025",6.9,3.8,"14,555","4,115","1,315",65.9,6.4,870,1745,1135,265,4140,1855,415,215,365
Lawrence Park South,103,"15,179","15,070",0.70%,2.63,7505,4815,475,100,80,105,125,120,100,135,95,110,240,215,205,190,175,"3,660","2,375",8.3,5.3,"15,120","4,005","1,750",63.1,7.5,945,1815,1115,285,4315,2350,465,370,380
Leaside-Bennington,56,"16,828","17,011",-1.10%,2.59,8050,5505,605,120,65,80,150,160,150,155,140,165,310,265,265,270,230,"3,775","2,260",7.4,6.4,"16,635","4,635","1,800",63.7,6.9,1125,2350,1680,325,4665,1940,465,200,390
Little Portugal,84,"15,559","12,050",29.10%,2.03,6105,8050,620,200,150,250,285,305,310,315,325,305,605,550,540,470,425,"2,105",415,15.3,13.5,"15,055","3,280","4,145",73,6.4,2385,2775,1990,235,4010,1365,220,65,180
Long Branch,19,"10,084","9,632",4.70%,2.09,4295,4460,595,120,95,175,240,225,195,225,215,230,400,360,310,295,230,"1,265",300,17.5,17.9,"10,065","2,240","2,575",65.6,7.1,1320,2340,1800,230,1735,555,160,50,85
Malvern,132,"43,794","45,086",-2.90%,3.26,18350,17565,3145,195,160,290,485,600,630,680,650,655,"1,360","1,200","1,000",905,795,"3,280",225,17.8,32.6,"43,770","9,395","4,020",55.5,10.5,7345,11575,6915,935,5465,1105,385,160,110
Maple Leaf,29,"10,111","10,197",-0.80%,2.77,4560,4055,640,45,35,55,175,200,150,185,195,180,345,320,220,200,190,955,200,14.6,26.9,"9,865","2,000","1,560",56.5,8.1,2395,2380,1200,275,1310,150,95,10,10
Markland Wood,12,"10,554","10,436",1.10%,2.43,5215,3995,490,45,25,45,125,145,140,135,170,160,320,285,275,255,230,"1,875",575,8.5,12.6,"10,445","3,200","1,105",56.1,6.2,1070,2255,1655,195,2390,685,290,55,105
Milliken,130,"26,572","27,167",-2.20%,3.39,12810,10080,1575,125,75,130,245,450,400,355,380,345,645,635,565,510,395,"2,070",295,20.1,33.1,"26,070","6,810",860,49.3,9.5,6320,7115,3070,625,3700,525,255,65,60
Mimico (includes Humber Bay Shores),17,"33,964","26,541",28.00%,1.87,15295,15155,1615,570,370,635,750,665,660,645,705,675,"1,270","1,255","1,120","1,105",920,"5,455","1,245",17,19,"33,305","9,150","8,635",66.6,6.2,3570,6410,6080,835,7560,2545,890,240,330
Morningside,135,"17,455","17,587",-0.80%,2.92,7305,7285,1200,140,125,215,250,295,285,270,310,275,475,425,385,320,310,"1,515",205,22.2,37.9,"17,155","3,530","2,345",54.4,11.4,2465,4345,3065,405,2255,515,275,110,60
Moss Park,73,"20,506","16,306",25.80%,1.6,6690,12270,725,485,725,"1,050",525,495,370,395,405,355,645,635,580,520,500,"3,005",800,29.1,40.3,"18,455","3,920","7,630",67.5,6.9,1680,3415,2510,425,5480,2010,495,160,320
Mount Dennis,115,"13,593","13,145",3.40%,2.56,4850,6350,1340,110,125,255,285,290,310,295,240,280,490,425,315,320,275,860,50,22.8,41.1,"13,260","2,440","2,740",56.6,10.8,2810,3385,1980,350,1045,345,205,20,20
Mount Olive-Silverstone-Jamestown,2,"32,954","32,788",0.50%,3.32,12905,12955,2535,150,210,290,405,515,575,615,590,580,"1,065",915,740,590,500,"1,705",110,24.6,42,"32,825","4,425","5,455",50.4,12.1,7895,7785,3845,555,3015,1000,270,110,60
Mount Pleasant East,99,"16,775","15,982",5.00%,2.25,7865,5920,615,155,95,170,230,220,210,220,220,215,445,425,370,315,290,"3,560","1,740",10,5.2,"16,760","4,205","3,230",65.7,6.9,1015,2280,1865,325,4720,2160,505,220,375
Mount Pleasant West,104,"29,658","28,593",3.70%,1.65,11720,15555,1130,765,455,690,750,645,610,690,735,735,"1,470","1,320","1,185","1,085",910,"4,495","1,095",19.6,19.2,"28,920","4,415","13,070",69.5,6.7,1500,4475,4165,775,9275,3840,965,330,505
New Toronto,18,"11,463","10,900",5.20%,2.1,4330,5375,780,140,150,300,350,290,295,240,225,210,390,340,285,205,195,"1,335",225,22.9,23.3,"11,290","2,335","3,040",60.9,8.7,1610,2505,2015,295,1990,480,220,35,65
Newtonbrook East,50,"16,097","16,423",-2.00%,2.54,7615,6900,700,390,155,210,245,325,260,190,210,225,400,380,350,280,275,"1,830",535,27.5,31.1,"15,530","3,965","2,155",52.8,8.8,1485,3005,1815,505,4290,1385,440,315,305
Newtonbrook West,36,"23,831","23,052",3.40%,2.64,10960,10070,1350,455,215,295,460,510,485,410,375,370,665,620,540,455,380,"2,170",470,26.3,26.6,"23,630","4,710","4,250",54.7,8.4,2450,5515,3040,915,5030,1505,730,255,400
Niagara,82,"31,180","21,274",46.60%,1.62,12870,16250,885,515,335,535,535,540,515,530,600,650,"1,350","1,415","1,395","1,325","1,195","6,795","1,535",12.8,16.9,"30,445","9,380","9,395",82.7,4.5,1280,3805,4895,655,11835,3680,890,260,355
North Riverdale,68,"11,916","12,191",-2.30%,2.33,5435,4520,490,105,65,130,175,160,165,155,185,175,320,275,240,210,210,"2,280","1,055",11.5,6.2,"11,680","2,805","2,205",69.6,5.3,1040,1850,1260,155,3030,1440,325,120,285
North St. James Town,74,"18,615","17,832",4.40%,1.92,6465,9870,940,440,450,765,570,555,540,520,470,490,815,600,525,400,340,"1,170",170,33.8,48.6,"18,360",955,"8,610",60.4,10.4,2040,3805,2650,635,4010,1525,465,125,195
Oakridge,121,"13,845","13,497",2.60%,2.57,5340,5640,850,145,290,410,330,330,350,335,310,250,435,350,250,210,180,635,50,39.5,57.6,"13,605","1,680","3,595",48.8,14.6,2270,3020,1715,330,1660,960,180,60,90
Oakwood Village,107,"21,210","21,073",0.70%,2.42,8895,9190,1430,155,180,255,505,410,470,435,440,355,615,580,520,430,385,"2,340",450,16.9,18.8,"20,965","4,605","4,085",61.2,6.8,4450,4175,2705,510,3270,1190,315,80,225
O'Connor-Parkview,54,"18,675","18,316",2.00%,2.48,7820,7755,1235,190,150,265,395,375,370,375,350,295,595,485,410,385,345,"2,095",515,21.2,33.9,"18,500","3,465","4,005",56,10.1,2905,4240,2985,455,2735,820,285,55,70
Old East York,58,"9,233","9,118",1.30%,2.43,4270,3490,485,75,60,85,150,135,130,170,130,155,245,255,215,205,170,"1,485",430,13,14.3,"9,215","2,475","1,320",62.9,5,1340,1930,1380,250,1685,485,185,40,55
Palmerston-Little Italy,80,"13,826","13,746",0.60%,2.17,5535,7005,485,145,130,225,265,255,270,265,255,200,440,405,400,310,270,"2,225",650,13.7,7.5,"13,755","2,620","3,715",69.1,6.8,1795,2410,1545,235,3805,1625,285,80,420
Parkwoods-Donalda,45,"34,805","34,617",0.50%,2.61,14645,14310,2560,345,185,315,590,600,615,575,620,620,"1,200","1,025",880,790,650,"3,795",890,19.3,29.8,"34,730","5,300","8,020",57.3,9.2,4140,7660,5295,1055,6105,2015,730,295,285
Pelmo Park-Humberlea,23,"10,722","8,710",23.10%,2.89,4875,4095,670,45,45,50,110,120,145,170,150,145,285,285,240,240,250,"1,355",190,10.7,14.8,"10,715","3,070",645,61.5,6,2210,2635,1595,255,1220,200,135,15,20
Playter Estates-Danforth,67,"7,804","7,653",2.00%,2.14,3400,3250,270,90,65,130,160,120,135,120,135,120,225,200,195,190,130,"1,350",630,13.7,7.4,"7,640","1,655","1,920",67.6,6.4,635,1190,960,135,1980,970,195,50,185
Pleasant View,46,"15,818","16,144",-2.00%,2.86,7670,6095,845,145,75,100,215,225,255,230,255,230,455,405,370,310,295,"1,775",295,17.7,25,"15,810","4,180","1,340",53.1,10,2355,3495,2205,495,3090,940,275,145,180
Princess-Rosethorn,10,"11,051","11,197",-1.30%,2.86,5880,3395,405,35,10,35,65,55,85,95,70,70,165,165,160,170,170,"2,450","1,270",7.2,10.5,"11,045","3,270",595,59.5,6,955,2005,1285,275,2755,980,360,220,170
Regent Park,72,"10,803","10,007",8.00%,2.15,3690,5480,720,180,300,360,305,295,265,265,235,210,395,360,255,220,175,745,150,37.3,49.2,"10,675","1,260","3,700",56.6,9.6,1870,2335,1220,265,2060,710,180,45,90
Rexdale-Kipling,4,"10,529","10,488",0.40%,2.69,4390,4500,780,70,95,140,175,165,160,190,175,160,335,275,230,230,225,"1,040",95,17.2,30.1,"10,360","2,155","1,685",55.9,10.9,1960,2675,1625,260,1185,255,130,20,30
Rockcliffe-Smythe,111,"22,246","22,267",-0.10%,2.45,8865,9885,1735,140,280,370,510,475,450,475,425,395,705,645,560,475,460,"2,005",165,20.3,33.1,"22,235","5,135","3,920",54.3,9.2,5695,5470,3015,455,1930,435,195,50,80
Roncesvalles,86,"14,974","15,050",-0.50%,2.16,6295,6375,615,190,175,355,350,275,285,255,240,260,460,425,350,345,300,"2,145",675,18.2,16.8,"14,875","3,000","3,885",66.9,6.7,1800,2725,1815,315,3435,1450,270,70,265
Rosedale-Moore Park,98,"20,923","20,631",1.40%,2.05,10105,8210,605,305,120,185,255,260,215,225,275,255,525,510,505,440,440,"5,265","3,055",11.9,10.4,"20,615","5,570","4,485",60.1,6,1045,2870,1795,520,6010,3435,900,440,640
Rouge,131,"46,496","45,912",1.30%,3.44,21595,16945,2470,95,80,130,245,325,325,410,405,455,970,950,930,940,845,"6,060","1,075",8.4,14.8,"46,060","11,195","2,205",59.4,8.2,6580,11740,7740,1210,6765,1525,640,160,105
Runnymede-Bloor West Village,89,"10,070","9,632",4.50%,2.64,5035,2990,390,45,30,45,95,85,95,110,95,100,195,190,195,170,170,"2,110",875,7,5.5,"10,065","3,000",815,69,5.1,960,1385,1140,130,2455,1185,195,70,260
Rustic,28,"9,941","9,951",-0.10%,2.67,3395,4610,1150,45,90,170,275,250,235,240,200,165,295,210,195,175,120,665,115,27.4,52.9,"9,750","1,390","2,265",47.8,9.1,2550,2420,1285,180,585,90,100,20,20
Scarborough Village,139,"16,724","16,609",0.70%,2.77,6435,6925,1325,105,180,305,325,345,370,345,325,355,570,420,355,300,220,"1,080",195,29,50.4,"16,440","2,685","3,235",50.2,13,2955,3785,2305,460,1810,730,190,100,115
South Parkdale,85,"21,849","21,251",2.80%,1.81,7170,12560,1135,385,405,860,760,705,655,660,615,580,925,760,600,495,390,"1,505",240,28.5,34.6,"20,645","1,520","9,865",64.7,8.6,3050,4520,3630,445,4210,1140,320,85,115
South Riverdale,70,"27,876","25,642",8.70%,2.24,12215,11690,1390,260,320,515,450,395,430,435,370,350,705,735,630,620,560,"4,645","1,435",16.8,12.9,"27,040","7,230","4,840",66.8,6.5,4050,4820,3700,535,6305,2205,420,115,330
St.Andrew-Windfields,40,"17,812","17,958",-0.80%,2.75,8870,6300,875,165,85,120,175,190,165,210,165,175,355,320,350,290,275,"3,215","1,745",16.7,18.7,"17,675","4,275","2,140",56.3,8.3,1440,3135,1815,595,4200,1925,555,735,345
Steeles,116,"24,623","25,017",-1.60%,3.11,12485,8985,1350,195,115,150,315,405,410,395,300,315,565,605,515,475,430,"2,245",380,19.2,26.2,"24,270","6,560","1,260",47.3,9.5,4975,6235,2865,660,4320,915,300,130,135
Stonegate-Queensway,16,"25,051","24,691",1.50%,2.4,12100,8880,1180,180,120,220,400,385,385,330,375,375,670,640,570,480,450,"4,470","1,715",11.6,13.2,"24,890","6,710","3,665",63,6.7,2720,4565,3630,565,5335,1970,725,175,290
Tam O'Shanter-Sullivan,118,"27,446","27,398",0.20%,2.69,12840,10730,1625,225,155,255,505,580,520,510,520,460,850,730,630,600,470,"2,455",400,21.7,33.3,"27,030","5,675","4,390",50.7,9.1,4460,6350,3690,755,4830,1380,375,145,165
Taylor-Massey,61,"15,683","15,594",0.60%,2.47,6670,6060,890,185,180,330,375,385,385,390,385,385,620,495,410,310,240,830,75,30.8,46.9,"15,485","2,060","4,215",56.1,11.5,2030,3065,2050,375,2435,1615,260,75,140
The Beaches,63,"21,567","21,130",2.10%,2.27,10220,7530,895,195,150,260,270,245,225,280,255,295,510,455,445,430,405,"4,740","2,265",10,5,"21,440","5,885","3,540",68,5.7,1455,3420,2680,375,5705,2310,590,240,405
Thistletown-Beaumond Heights,3,"10,360","10,138",2.20%,3.09,4480,4155,695,40,35,65,150,140,160,165,170,180,290,270,185,210,185,940,120,16.4,30.2,"10,125","2,035","1,245",54.1,10.4,2075,2340,1440,280,1175,365,95,15,30
Thorncliffe Park,55,"21,108","19,225",9.80%,2.93,8865,6655,870,250,160,255,375,490,490,465,470,415,730,560,425,360,270,925,100,40.4,62.9,"20,840",780,"6,335",48.6,12.6,3195,4015,2070,505,3125,1365,265,215,95
Trinity-Bellwoods,81,"16,556","16,802",-1.50%,2.35,6960,7850,700,180,105,215,315,245,300,295,260,255,510,435,370,390,340,"2,445",730,15.1,12.5,"16,225","3,600","3,305",65.1,6.1,3115,3275,1740,225,3515,1430,365,125,300
University,79,"7,607","7,782",-2.20%,1.97,2650,4390,215,230,145,165,175,130,125,140,135,110,210,200,180,150,110,"1,010",340,24.5,10.9,"6,680","1,275","2,125",65.5,8.3,520,1190,600,175,1965,920,195,40,395
Victoria Village,43,"17,510","17,182",1.90%,2.32,6950,7925,1295,180,205,280,420,385,400,370,370,425,640,570,490,385,290,"1,445",240,23.6,32.1,"17,180","3,050","4,350",53.2,10.1,2930,3780,2930,425,2630,705,255,80,80
Waterfront Communities-The Island,77,"65,913","43,361",52.00%,1.61,26455,35820,1690,"1,795",880,"1,175","1,215","1,145","1,105","1,160","1,250","1,250","2,690","2,945","2,895","2,585","2,405","14,995","3,850",15.6,18.3,"65,625","16,825","23,930",78.2,5.2,1900,8340,7470,1450,27280,10130,2360,890,1100
West Hill,136,"27,392","26,547",3.20%,2.7,10385,12365,2345,135,395,560,490,485,490,465,465,380,795,680,605,565,500,"2,340",300,23,39.8,"26,955","5,930","4,055",51.7,11.6,4990,6425,4625,600,3015,820,315,100,80
West Humber-Clairville,1,"33,312","34,100",-2.30%,3.2,14540,13730,1965,215,145,200,345,400,420,430,445,435,900,830,835,690,615,"3,085",310,15.3,25.4,"32,885","7,010","3,275",58,9.6,5905,8510,5025,800,4245,1260,410,180,95
Westminster-Branson,35,"26,274","25,446",3.30%,2.55,11835,11010,1730,220,190,330,550,605,545,520,480,505,865,780,655,595,525,"2,015",305,21.6,26.5,"26,070","4,060","6,165",56.2,9.2,2745,5540,4015,1005,5195,1605,1125,315,245
Weston,113,"17,992","18,170",-1.00%,2.33,6260,8625,1640,150,265,465,455,490,440,405,375,370,615,510,425,310,295,"1,360",175,26.7,44.2,"17,685","2,800","4,795",55.5,10.6,3630,4180,2970,340,1705,390,210,40,65
Weston-Pelham Park,91,"11,098","12,010",-7.60%,2.62,4555,4865,765,55,200,255,225,175,175,180,175,180,260,265,255,220,230,"1,140",80,19.2,20.6,"11,095","2,475","1,750",58,8.5,3095,2590,1420,195,1130,360,90,10,20
Wexford/Maryvale,119,"27,917","27,018",3.30%,2.73,12065,11650,1775,175,145,285,495,455,535,480,500,445,855,770,675,590,505,"2,740",330,18,30.7,"27,550","6,090","4,015",55.9,9,4395,7240,4165,785,3770,985,335,95,110
Willowdale East,51,"50,434","45,041",12.00%,2.25,24115,20385,2340,"2,090",640,755,805,945,790,800,770,790,"1,525","1,420","1,300","1,285","1,080","6,405","1,605",30.6,27.4,"50,250","13,800","8,505",55.9,8.5,3110,8580,5225,1495,15435,6160,1390,1145,975
Willowdale West,37,"16,936","15,004",12.90%,2.22,8000,7140,640,560,225,250,325,315,285,245,265,240,440,390,375,375,335,"2,320",640,27.1,18.4,"16,725","4,810","2,755",52.2,9.8,1405,3140,1935,455,4700,1770,410,260,360
Willowridge-Martingrove-Richview,7,"22,156","21,343",3.80%,2.6,10145,8445,1370,90,85,155,365,395,375,375,380,370,630,610,555,510,435,"2,895",655,13.4,25.9,"22,140","4,595","3,925",53.5,8.5,3440,5205,3075,465,3655,1005,385,85,130
Woburn,137,"53,485","53,350",0.30%,2.87,23035,20800,3455,435,455,685,825,960,910,950,955,815,"1,725","1,405","1,240","1,070",865,"3,980",430,25,39.2,"53,015","9,765","8,670",51.9,10.6,8850,13170,7535,1120,7575,2135,705,270,195
Woodbine Corridor,64,"12,541","11,703",7.20%,2.28,5590,4625,675,65,125,265,275,190,225,160,190,180,295,290,235,235,220,"2,190",610,15.1,9.9,"12,425","3,170","2,275",66.4,7.7,1430,2065,1760,225,2795,965,240,70,160
Woodbine-Lumsden,60,"7,865","7,826",0.50%,2.27,3600,3100,430,55,65,105,150,135,110,130,115,115,245,205,200,185,195,"1,245",210,13.5,10.9,"7,850","2,355","1,095",65.5,6.6,1015,1760,1235,125,1435,540,135,25,100
Wychwood,94,"14,349","13,986",2.60%,2.24,5840,6655,750,120,120,185,325,270,225,225,225,225,400,390,315,300,275,"1,895",610,15.8,12.9,"13,190","2,855","3,040",65.6,5.2,1860,2285,1710,330,2770,1310,315,80,295
Yonge-Eglinton,100,"11,817","10,578",11.70%,2.08,5380,4630,425,205,105,145,175,170,190,210,195,180,370,375,325,275,245,"2,340","1,110",13.2,10.3,"11,805","2,195","3,480",68.2,6.9,575,1430,1275,235,3625,1780,370,155,330
Yonge-St.Clair,97,"12,528","11,652",7.50%,1.76,5705,5605,390,215,120,185,225,220,215,235,260,260,505,445,415,340,325,"2,865","1,380",15.1,11.9,"12,375","2,695","4,315",65.2,5.9,460,1820,1410,360,3720,2100,445,225,290
York University Heights,27,"27,593","27,713",-0.40%,2.71,10420,13120,2075,345,230,340,525,525,590,570,530,530,950,845,615,605,515,"1,955",195,23.8,37.5,"27,565","4,600","5,565",56.3,10.7,5125,6980,3765,765,3910,1030,340,105,185
Yorkdale-Glen Park,31,"14,804","14,687",0.80%,2.62,6235,6610,1005,100,65,120,245,240,290,275,280,230,470,370,360,295,235,"1,550",325,15.3,24.3,"14,025","3,300","2,045",55.3,8,3445,3385,1755,320,1595,430,220,60,95
